Clinic_Name,Province,District,City,Area,Phone,Phone_Status,Clinic_Type,Services,Latitude,Longitude,Geocode_Status
KwaDlangezwa Clinic,KwaZulu-Natal,King Cetshwayo,KwaDlangezwa,KwaDlangezwa,,to_verify,Clinic,"Primary Healthcare, Chronic Medication, Maternal & Child Health, Family Planning, HIV Testing & Treatment, TB Treatment, Immunisations, Minor Ailments",,,pending
Empangeni Clinic,KwaZulu-Natal,King Cetshwayo,Empangeni,Empangeni CBD,035 907 5000,available,Clinic,"Primary Healthcare, Chronic Medication, Maternal & Child Health, Family Planning, HIV Testing & Treatment, TB Treatment, Immunisations, Minor Ailments",,,pending
Ngwelezane Hospital Clinic,KwaZulu-Natal,King Cetshwayo,Empangeni,Ngwelezane,035 901 7000,available,Hospital,"Primary Healthcare, Chronic Medication, Maternal & Child Health, Family Planning, HIV Testing & Treatment, TB Treatment, Immunisations, Minor Ailments",,,pending
Richards Bay Clinic,KwaZulu-Natal,King Cetshwayo,Richards Bay,Richards Bay CBD,035 901 5201,available,Clinic,"Primary Healthcare, Chronic Medication, Maternal & Child Health, Family Planning, HIV Testing & Treatment, TB Treatment, Immunisations, Minor Ailments",,,pending
Merebank Clinic,KwaZulu-Natal,eThekwini,Durban,Merebank,031 468 4000,available,Clinic,"Primary Healthcare, Chronic Medication, Maternal & Child Health, Family Planning, HIV Testing & Treatment, TB Treatment, Immunisations, Minor Ailments",,,pending
Eshowe Clinic,KwaZulu-Natal,King Cetshwayo,Eshowe,Eshowe,035 474 1041,available,Clinic,"Primary Healthcare, Chronic Medication, Maternal & Child Health, Family Planning, HIV Testing & Treatment, TB Treatment, Immunisations, Minor Ailments",,,pending
Mtunzini Clinic,KwaZulu-Natal,King Cetshwayo,Mtunzini,Mtunzini,035 340 1611,available,Clinic,"Primary Healthcare, Chronic Medication, Maternal & Child Health, Family Planning, HIV Testing & Treatment, TB Treatment, Immunisations, Minor Ailments",,,pending
Gingindlovu Clinic,KwaZulu-Natal,King Cetshwayo,Gingindlovu,Gingindlovu,,to_verify,Clinic,"Primary Healthcare, Chronic Medication, Maternal & Child Health, Family Planning, HIV Testing & Treatment, TB Treatment, Immunisations, Minor Ailments",,,pending
Nkandla Clinic,KwaZulu-Natal,King Cetshwayo,Nkandla,Nkandla,035 833 0100,available,Clinic,"Primary Healthcare, Chronic Medication, Maternal & Child Health, Family Planning, HIV Testing & Treatment, TB Treatment, Immunisations, Minor Ailments",,,pending
Melmoth Clinic,KwaZulu-Natal,King Cetshwayo,Melmoth,Melmoth,035 450 2011,available,Clinic,"Primary Healthcare, Chronic Medication, Maternal & Child Health, Family Planning, HIV Testing & Treatment, TB Treatment, Immunisations, Minor Ailments",,,pending
Mthonjaneni Clinic,KwaZulu-Natal,King Cetshwayo,Melmoth,Mthonjaneni,,to_verify,Clinic,"Primary Healthcare, Chronic Medication, Maternal & Child Health, Family Planning, HIV Testing & Treatment, TB Treatment, Immunisations, Minor Ailments",,,pending
Ntambanana Clinic,KwaZulu-Natal,King Cetshwayo,Ntambanana,Ntambanana,,to_verify,Clinic,"Primary Healthcare, Chronic Medication, Maternal & Child Health, Family Planning, HIV Testing & Treatment, TB Treatment, Immunisations, Minor Ailments",,,pending
Mfolozi Clinic,KwaZulu-Natal,King Cetshwayo,Mfolozi,Mfolozi,,to_verify,Clinic,"Primary Healthcare, Chronic Medication, Maternal & Child Health, Family Planning, HIV Testing & Treatment, TB Treatment, Immunisations, Minor Ailments",,,pending
Nseleni Clinic,KwaZulu-Natal,King Cetshwayo,Nseleni,Nseleni,,to_verify,Clinic,"Primary Healthcare, Chronic Medication, Maternal & Child Health, Family Planning, HIV Testing & Treatment, TB Treatment, Immunisations, Minor Ailments",,,pending
Felixton Clinic,KwaZulu-Natal,King Cetshwayo,Felixton,Felixton,,to_verify,Clinic,"Primary Healthcare, Chronic Medication, Maternal & Child Health, Family Planning, HIV Testing & Treatment, TB Treatment, Immunisations, Minor Ailments",,,pending
Mposa Clinic,KwaZulu-Natal,King Cetshwayo,Mposa,Mposa,,to_verify,Clinic,"Primary Healthcare, Chronic Medication, Maternal & Child Health, Family Planning, HIV Testing & Treatment, TB Treatment, Immunisations, Minor Ailments",,,pending
Nhlabane Clinic,KwaZulu-Natal,King Cetshwayo,Nhlabane,Nhlabane,,to_verify,Clinic,"Primary Healthcare, Chronic Medication, Maternal & Child Health, Family Planning, HIV Testing & Treatment, TB Treatment, Immunisations, Minor Ailments",,,pending
Obanjeni Clinic,KwaZulu-Natal,King Cetshwayo,Obanjeni,Obanjeni,,to_verify,Clinic,"Primary Healthcare, Chronic Medication, Maternal & Child Health, Family Planning, HIV Testing & Treatment, TB Treatment, Immunisations, Minor Ailments",,,pending
Macekane Clinic,KwaZulu-Natal,King Cetshwayo,Macekane,Macekane,,to_verify,Clinic,"Primary Healthcare, Chronic Medication, Maternal & Child Health, Family Planning, HIV Testing & Treatment, TB Treatment, Immunisations, Minor Ailments",,,pending
Nkwalini Clinic,KwaZulu-Natal,King Cetshwayo,Nkwalini,Nkwalini,,to_verify,Clinic,"Primary Healthcare, Chronic Medication, Maternal & Child Health, Family Planning, HIV Testing & Treatment, TB Treatment, Immunisations, Minor Ailments",,,pending
Cato Manor CHC,KwaZulu-Natal,eThekwini,Durban,Cato Manor,031 261 4877,available,CHC,"Primary Healthcare, Chronic Medication, Maternal & Child Health, Family Planning, HIV Testing & Treatment, TB Treatment, Immunisations, Minor Ailments",,,pending
KwaDabeka CHC,KwaZulu-Natal,eThekwini,Durban,KwaDabeka,031 714 3700,available,CHC,"Primary Healthcare, Chronic Medication, Maternal & Child Health, Family Planning, HIV Testing & Treatment, TB Treatment, Immunisations, Minor Ailments",,,pending
Clermont Clinic,KwaZulu-Natal,eThekwini,Durban,Clermont,031 707 5482,available,Clinic,"Primary Healthcare, Chronic Medication, Maternal & Child Health, Family Planning, HIV Testing & Treatment, TB Treatment, Immunisations, Minor Ailments",,,pending
KwaNdengezi Clinic,KwaZulu-Natal,eThekwini,Durban,KwaNdengezi,031 704 5017,available,Clinic,"Primary Healthcare, Chronic Medication, Maternal & Child Health, Family Planning, HIV Testing & Treatment, TB Treatment, Immunisations, Minor Ailments",,,pending
KwaNgcolosi Clinic,KwaZulu-Natal,eThekwini,Durban,KwaNgcolosi,031 766 0067,available,Clinic,"Primary Healthcare, Chronic Medication, Maternal & Child Health, Family Planning, HIV Testing & Treatment, TB Treatment, Immunisations, Minor Ailments",,,pending
Molweni Clinic,KwaZulu-Natal,eThekwini,Durban,Molweni,031 776 4122,available,Clinic,"Primary Healthcare, Chronic Medication, Maternal & Child Health, Family Planning, HIV Testing & Treatment, TB Treatment, Immunisations, Minor Ailments",,,pending
Maphephetheni Clinic,KwaZulu-Natal,eThekwini,Durban,Maphephetheni,031 777 7707,available,Clinic,"Primary Healthcare, Chronic Medication, Maternal & Child Health, Family Planning, HIV Testing & Treatment, TB Treatment, Immunisations, Minor Ailments",,,pending
Zwelibomvu Clinic,KwaZulu-Natal,eThekwini,Durban,Zwelibomvu,031 706 0299,available,Clinic,"Primary Healthcare, Chronic Medication, Maternal & Child Health, Family Planning, HIV Testing & Treatment, TB Treatment, Immunisations, Minor Ailments",,,pending
Halley Stott Clinic,KwaZulu-Natal,eThekwini,Durban,Halley Stott,031 702 3802,available,Clinic,"Primary Healthcare, Chronic Medication, Maternal & Child Health, Family Planning, HIV Testing & Treatment, TB Treatment, Immunisations, Minor Ailments",,,pending
Umlazi V Section Clinic,KwaZulu-Natal,eThekwini,Durban,Umlazi V,,to_verify,Clinic,"Primary Healthcare, Chronic Medication, Maternal & Child Health, Family Planning, HIV Testing & Treatment, TB Treatment, Immunisations, Minor Ailments",,,pending
Umlazi K Section Clinic,KwaZulu-Natal,eThekwini,Durban,Umlazi K,,to_verify,Clinic,"Primary Healthcare, Chronic Medication, Maternal & Child Health, Family Planning, HIV Testing & Treatment, TB Treatment, Immunisations, Minor Ailments",,,pending
Umlazi AA Clinic,KwaZulu-Natal,eThekwini,Durban,Umlazi AA,,to_verify,Clinic,"Primary Healthcare, Chronic Medication, Maternal & Child Health, Family Planning, HIV Testing & Treatment, TB Treatment, Immunisations, Minor Ailments",,,pending
Umlazi P Section Clinic,KwaZulu-Natal,eThekwini,Durban,Umlazi P,,to_verify,Clinic,"Primary Healthcare, Chronic Medication, Maternal & Child Health, Family Planning, HIV Testing & Treatment, TB Treatment, Immunisations, Minor Ailments",,,pending
KwaMashu CHC,KwaZulu-Natal,eThekwini,Durban,KwaMashu,031 538 8800,available,CHC,"Primary Healthcare, Chronic Medication, Maternal & Child Health, Family Planning, HIV Testing & Treatment, TB Treatment, Immunisations, Minor Ailments",,,pending
KwaMashu B Section Clinic,KwaZulu-Natal,eThekwini,Durban,KwaMashu B,,to_verify,Clinic,"Primary Healthcare, Chronic Medication, Maternal & Child Health, Family Planning, HIV Testing & Treatment, TB Treatment, Immunisations, Minor Ailments",,,pending
Inanda CHC,KwaZulu-Natal,eThekwini,Durban,Inanda,031 519 2000,available,CHC,"Primary Healthcare, Chronic Medication, Maternal & Child Health, Family Planning, HIV Testing & Treatment, TB Treatment, Immunisations, Minor Ailments",,,pending
Ntuzuma Clinic,KwaZulu-Natal,eThekwini,Durban,Ntuzuma,031 519 1800,available,Clinic,"Primary Healthcare, Chronic Medication, Maternal & Child Health, Family Planning, HIV Testing & Treatment, TB Treatment, Immunisations, Minor Ailments",,,pending
Lindelani Clinic,KwaZulu-Natal,eThekwini,Durban,Lindelani,,to_verify,Clinic,"Primary Healthcare, Chronic Medication, Maternal & Child Health, Family Planning, HIV Testing & Treatment, TB Treatment, Immunisations, Minor Ailments",,,pending
KwaMashu Poly Clinic,KwaZulu-Natal,eThekwini,Durban,KwaMashu,,to_verify,Clinic,"Primary Healthcare, Chronic Medication, Maternal & Child Health, Family Planning, HIV Testing & Treatment, TB Treatment, Immunisations, Minor Ailments",,,pending
Phoenix CHC,KwaZulu-Natal,eThekwini,Durban,Phoenix,031 500 3000,available,CHC,"Primary Healthcare, Chronic Medication, Maternal & Child Health, Family Planning, HIV Testing & Treatment, TB Treatment, Immunisations, Minor Ailments",,,pending
Verulam Clinic,KwaZulu-Natal,eThekwini,Verulam,Verulam,032 533 1004,available,Clinic,"Primary Healthcare, Chronic Medication, Maternal & Child Health, Family Planning, HIV Testing & Treatment, TB Treatment, Immunisations, Minor Ailments",,,pending
Tongaat Clinic,KwaZulu-Natal,eThekwini,Tongaat,Tongaat,032 944 1311,available,Clinic,"Primary Healthcare, Chronic Medication, Maternal & Child Health, Family Planning, HIV Testing & Treatment, TB Treatment, Immunisations, Minor Ailments",,,pending
Chatsworth CHC,KwaZulu-Natal,eThekwini,Durban,Chatsworth,031 405 8800,available,CHC,"Primary Healthcare, Chronic Medication, Maternal & Child Health, Family Planning, HIV Testing & Treatment, TB Treatment, Immunisations, Minor Ailments",,,pending
Wentworth Clinic,KwaZulu-Natal,eThekwini,Durban,Wentworth,031 460 3100,available,Clinic,"Primary Healthcare, Chronic Medication, Maternal & Child Health, Family Planning, HIV Testing & Treatment, TB Treatment, Immunisations, Minor Ailments",,,pending
Addington Clinic,KwaZulu-Natal,eThekwini,Durban,Addington,,to_verify,Clinic,"Primary Healthcare, Chronic Medication, Maternal & Child Health, Family Planning, HIV Testing & Treatment, TB Treatment, Immunisations, Minor Ailments",,,pending
Prince Mshiyeni Clinic,KwaZulu-Natal,eThekwini,Durban,Umlazi,031 907 8000,available,Clinic,"Primary Healthcare, Chronic Medication, Maternal & Child Health, Family Planning, HIV Testing & Treatment, TB Treatment, Immunisations, Minor Ailments",,,pending
Isipingo Clinic,KwaZulu-Natal,eThekwini,Durban,Isipingo,031 902 3000,available,Clinic,"Primary Healthcare, Chronic Medication, Maternal & Child Health, Family Planning, HIV Testing & Treatment, TB Treatment, Immunisations, Minor Ailments",,,pending
Lamontville Clinic,KwaZulu-Natal,eThekwini,Durban,Lamontville,031 462 3000,available,Clinic,"Primary Healthcare, Chronic Medication, Maternal & Child Health, Family Planning, HIV Testing & Treatment, TB Treatment, Immunisations, Minor Ailments",,,pending
Chesterville Clinic,KwaZulu-Natal,eThekwini,Durban,Chesterville,,to_verify,Clinic,"Primary Healthcare, Chronic Medication, Maternal & Child Health, Family Planning, HIV Testing & Treatment, TB Treatment, Immunisations, Minor Ailments",,,pending
Overport Clinic,KwaZulu-Natal,eThekwini,Durban,Overport,,to_verify,Clinic,"Primary Healthcare, Chronic Medication, Maternal & Child Health, Family Planning, HIV Testing & Treatment, TB Treatment, Immunisations, Minor Ailments",,,pending
Pietermaritzburg CHC,KwaZulu-Natal,uMgungundlovu,Pietermaritzburg,CBD,033 897 3300,available,CHC,"Primary Healthcare, Chronic Medication, Maternal & Child Health, Family Planning, HIV Testing & Treatment, TB Treatment, Immunisations, Minor Ailments",,,pending
Edendale CHC,KwaZulu-Natal,uMgungundlovu,Pietermaritzburg,Edendale,033 395 4000,available,CHC,"Primary Healthcare, Chronic Medication, Maternal & Child Health, Family Planning, HIV Testing & Treatment, TB Treatment, Immunisations, Minor Ailments",,,pending
Imbali Clinic,KwaZulu-Natal,uMgungundlovu,Pietermaritzburg,Imbali,033 395 4100,available,Clinic,"Primary Healthcare, Chronic Medication, Maternal & Child Health, Family Planning, HIV Testing & Treatment, TB Treatment, Immunisations, Minor Ailments",,,pending
Northdale Clinic,KwaZulu-Natal,uMgungundlovu,Pietermaritzburg,Northdale,033 387 3000,available,Clinic,"Primary Healthcare, Chronic Medication, Maternal & Child Health, Family Planning, HIV Testing & Treatment, TB Treatment, Immunisations, Minor Ailments",,,pending
Hanover Clinic,KwaZulu-Natal,uMgungundlovu,Pietermaritzburg,Hanover,,to_verify,Clinic,"Primary Healthcare, Chronic Medication, Maternal & Child Health, Family Planning, HIV Testing & Treatment, TB Treatment, Immunisations, Minor Ailments",,,pending
Eastwood Clinic,KwaZulu-Natal,uMgungundlovu,Pietermaritzburg,Eastwood,,to_verify,Clinic,"Primary Healthcare, Chronic Medication, Maternal & Child Health, Family Planning, HIV Testing & Treatment, TB Treatment, Immunisations, Minor Ailments",,,pending
Mkondeni Clinic,KwaZulu-Natal,uMgungundlovu,Pietermaritzburg,Mkondeni,,to_verify,Clinic,"Primary Healthcare, Chronic Medication, Maternal & Child Health, Family Planning, HIV Testing & Treatment, TB Treatment, Immunisations, Minor Ailments",,,pending
Howick Clinic,KwaZulu-Natal,uMgungundlovu,Howick,Howick,,to_verify,Clinic,"Primary Healthcare, Chronic Medication, Maternal & Child Health, Family Planning, HIV Testing & Treatment, TB Treatment, Immunisations, Minor Ailments",,,pending
Mooi River Clinic,KwaZulu-Natal,uMgungundlovu,Mooi River,Mooi River,,to_verify,Clinic,"Primary Healthcare, Chronic Medication, Maternal & Child Health, Family Planning, HIV Testing & Treatment, TB Treatment, Immunisations, Minor Ailments",,,pending
Richmond Clinic,KwaZulu-Natal,uMgungundlovu,Richmond,Richmond,033 212 2411,available,Clinic,"Primary Healthcare, Chronic Medication, Maternal & Child Health, Family Planning, HIV Testing & Treatment, TB Treatment, Immunisations, Minor Ailments",,,pending
Camperdown Clinic,KwaZulu-Natal,uMgungundlovu,Camperdown,Camperdown,,to_verify,Clinic,"Primary Healthcare, Chronic Medication, Maternal & Child Health, Family Planning, HIV Testing & Treatment, TB Treatment, Immunisations, Minor Ailments",,,pending
Boston Clinic,KwaZulu-Natal,uMgungundlovu,Boston,Boston,,to_verify,Clinic,"Primary Healthcare, Chronic Medication, Maternal & Child Health, Family Planning, HIV Testing & Treatment, TB Treatment, Immunisations, Minor Ailments",,,pending
Bulwer Clinic,KwaZulu-Natal,uMgungundlovu,Bulwer,Bulwer,,to_verify,Clinic,"Primary Healthcare, Chronic Medication, Maternal & Child Health, Family Planning, HIV Testing & Treatment, TB Treatment, Immunisations, Minor Ailments",,,pending
Donnybrook Clinic,KwaZulu-Natal,uMgungundlovu,Donnybrook,Donnybrook,,to_verify,Clinic,"Primary Healthcare, Chronic Medication, Maternal & Child Health, Family Planning, HIV Testing & Treatment, TB Treatment, Immunisations, Minor Ailments",,,pending
Ixopo Clinic,KwaZulu-Natal,Harry Gwala,Ixopo,Ixopo,039 834 1000,available,Clinic,"Primary Healthcare, Chronic Medication, Maternal & Child Health, Family Planning, HIV Testing & Treatment, TB Treatment, Immunisations, Minor Ailments",,,pending
Underberg Clinic,KwaZulu-Natal,Harry Gwala,Underberg,Underberg,,to_verify,Clinic,"Primary Healthcare, Chronic Medication, Maternal & Child Health, Family Planning, HIV Testing & Treatment, TB Treatment, Immunisations, Minor Ailments",,,pending
Kokstad Clinic,KwaZulu-Natal,Harry Gwala,Kokstad,Kokstad,039 797 1000,available,Clinic,"Primary Healthcare, Chronic Medication, Maternal & Child Health, Family Planning, HIV Testing & Treatment, TB Treatment, Immunisations, Minor Ailments",,,pending
Harding Clinic,KwaZulu-Natal,Harry Gwala,Harding,Harding,039 433 0100,available,Clinic,"Primary Healthcare, Chronic Medication, Maternal & Child Health, Family Planning, HIV Testing & Treatment, TB Treatment, Immunisations, Minor Ailments",,,pending
Creighton Clinic,KwaZulu-Natal,Harry Gwala,Creighton,Creighton,,to_verify,Clinic,"Primary Healthcare, Chronic Medication, Maternal & Child Health, Family Planning, HIV Testing & Treatment, TB Treatment, Immunisations, Minor Ailments",,,pending
Franklin Clinic,KwaZulu-Natal,Harry Gwala,Franklin,Franklin,,to_verify,Clinic,"Primary Healthcare, Chronic Medication, Maternal & Child Health, Family Planning, HIV Testing & Treatment, TB Treatment, Immunisations, Minor Ailments",,,pending
Ladysmith CHC,KwaZulu-Natal,uThukela,Ladysmith,Ladysmith,036 637 2000,available,CHC,"Primary Healthcare, Chronic Medication, Maternal & Child Health, Family Planning, HIV Testing & Treatment, TB Treatment, Immunisations, Minor Ailments",,,pending
Estcourt Clinic,KwaZulu-Natal,uThukela,Estcourt,Estcourt,036 342 1000,available,Clinic,"Primary Healthcare, Chronic Medication, Maternal & Child Health, Family Planning, HIV Testing & Treatment, TB Treatment, Immunisations, Minor Ailments",,,pending
Newcastle Clinic,KwaZulu-Natal,Amajuba,Newcastle,Newcastle CBD,034 328 8000,available,Clinic,"Primary Healthcare, Chronic Medication, Maternal & Child Health, Family Planning, HIV Testing & Treatment, TB Treatment, Immunisations, Minor Ailments",,,pending
Madadeni Clinic,KwaZulu-Natal,Amajuba,Newcastle,Madadeni,034 328 1000,available,Clinic,"Primary Healthcare, Chronic Medication, Maternal & Child Health, Family Planning, HIV Testing & Treatment, TB Treatment, Immunisations, Minor Ailments",,,pending
Osizweni Clinic,KwaZulu-Natal,Amajuba,Newcastle,Osizweni,034 328 2000,available,Clinic,"Primary Healthcare, Chronic Medication, Maternal & Child Health, Family Planning, HIV Testing & Treatment, TB Treatment, Immunisations, Minor Ailments",,,pending
Dannhauser Clinic,KwaZulu-Natal,Amajuba,Dannhauser,Dannhauser,,to_verify,Clinic,"Primary Healthcare, Chronic Medication, Maternal & Child Health, Family Planning, HIV Testing & Treatment, TB Treatment, Immunisations, Minor Ailments",,,pending
Utrecht Clinic,KwaZulu-Natal,Amajuba,Utrecht,Utrecht,,to_verify,Clinic,"Primary Healthcare, Chronic Medication, Maternal & Child Health, Family Planning, HIV Testing & Treatment, TB Treatment, Immunisations, Minor Ailments",,,pending
Glencoe Clinic,KwaZulu-Natal,uMzinyathi,Glencoe,Glencoe,034 393 1100,available,Clinic,"Primary Healthcare, Chronic Medication, Maternal & Child Health, Family Planning, HIV Testing & Treatment, TB Treatment, Immunisations, Minor Ailments",,,pending
Dundee Clinic,KwaZulu-Natal,uMzinyathi,Dundee,Dundee,034 212 1111,available,Clinic,"Primary Healthcare, Chronic Medication, Maternal & Child Health, Family Planning, HIV Testing & Treatment, TB Treatment, Immunisations, Minor Ailments",,,pending
Nquthu Clinic,KwaZulu-Natal,uMzinyathi,Nquthu,Nquthu,,to_verify,Clinic,"Primary Healthcare, Chronic Medication, Maternal & Child Health, Family Planning, HIV Testing & Treatment, TB Treatment, Immunisations, Minor Ailments",,,pending
Msinga Clinic,KwaZulu-Natal,uMzinyathi,Msinga,Msinga,,to_verify,Clinic,"Primary Healthcare, Chronic Medication, Maternal & Child Health, Family Planning, HIV Testing & Treatment, TB Treatment, Immunisations, Minor Ailments",,,pending
Greytown Clinic,KwaZulu-Natal,uMzinyathi,Greytown,Greytown,,to_verify,Clinic,"Primary Healthcare, Chronic Medication, Maternal & Child Health, Family Planning, HIV Testing & Treatment, TB Treatment, Immunisations, Minor Ailments",,,pending
Vryheid Clinic,KwaZulu-Natal,Zululand,Vryheid,Vryheid,034 989 1000,available,Clinic,"Primary Healthcare, Chronic Medication, Maternal & Child Health, Family Planning, HIV Testing & Treatment, TB Treatment, Immunisations, Minor Ailments",,,pending
Ulundi Clinic,KwaZulu-Natal,Zululand,Ulundi,Ulundi,035 874 1000,available,Clinic,"Primary Healthcare, Chronic Medication, Maternal & Child Health, Family Planning, HIV Testing & Treatment, TB Treatment, Immunisations, Minor Ailments",,,pending
Nongoma Clinic,KwaZulu-Natal,Zululand,Nongoma,Nongoma,035 831 0011,available,Clinic,"Primary Healthcare, Chronic Medication, Maternal & Child Health, Family Planning, HIV Testing & Treatment, TB Treatment, Immunisations, Minor Ailments",,,pending
Pongola Clinic,KwaZulu-Natal,Zululand,Pongola,Pongola,034 413 1200,available,Clinic,"Primary Healthcare, Chronic Medication, Maternal & Child Health, Family Planning, HIV Testing & Treatment, TB Treatment, Immunisations, Minor Ailments",,,pending
Paulpietersburg Clinic,KwaZulu-Natal,Zululand,Paulpietersburg,Paulpietersburg,,to_verify,Clinic,"Primary Healthcare, Chronic Medication, Maternal & Child Health, Family Planning, HIV Testing & Treatment, TB Treatment, Immunisations, Minor Ailments",,,pending
Babanango Clinic,KwaZulu-Natal,Zululand,Babanango,Babanango,,to_verify,Clinic,"Primary Healthcare, Chronic Medication, Maternal & Child Health, Family Planning, HIV Testing & Treatment, TB Treatment, Immunisations, Minor Ailments",,,pending
Port Shepstone Clinic,KwaZulu-Natal,Ugu,Port Shepstone,Port Shepstone,039 688 6000,available,Clinic,"Primary Healthcare, Chronic Medication, Maternal & Child Health, Family Planning, HIV Testing & Treatment, TB Treatment, Immunisations, Minor Ailments",,,pending
Margate Clinic,KwaZulu-Natal,Ugu,Margate,Margate,039 312 2000,available,Clinic,"Primary Healthcare, Chronic Medication, Maternal & Child Health, Family Planning, HIV Testing & Treatment, TB Treatment, Immunisations, Minor Ailments",,,pending
Hibberdene Clinic,KwaZulu-Natal,Ugu,Hibberdene,Hibberdene,039 699 1000,available,Clinic,"Primary Healthcare, Chronic Medication, Maternal & Child Health, Family Planning, HIV Testing & Treatment, TB Treatment, Immunisations, Minor Ailments",,,pending
Scottburgh Clinic,KwaZulu-Natal,Ugu,Scottburgh,Scottburgh,039 978 1000,available,Clinic,"Primary Healthcare, Chronic Medication, Maternal & Child Health, Family Planning, HIV Testing & Treatment, TB Treatment, Immunisations, Minor Ailments",,,pending
Umzinto Clinic,KwaZulu-Natal,Ugu,Umzinto,Umzinto,039 974 1000,available,Clinic,"Primary Healthcare, Chronic Medication, Maternal & Child Health, Family Planning, HIV Testing & Treatment, TB Treatment, Immunisations, Minor Ailments",,,pending
Dududu Clinic,KwaZulu-Natal,Ugu,Dududu,Dududu,,to_verify,Clinic,"Primary Healthcare, Chronic Medication, Maternal & Child Health, Family Planning, HIV Testing & Treatment, TB Treatment, Immunisations, Minor Ailments",,,pending
Mtwalume Clinic,KwaZulu-Natal,Ugu,Mtwalume,Mtwalume,,to_verify,Clinic,"Primary Healthcare, Chronic Medication, Maternal & Child Health, Family Planning, HIV Testing & Treatment, TB Treatment, Immunisations, Minor Ailments",,,pending
Umzimkhulu Clinic,KwaZulu-Natal,Harry Gwala,Umzimkhulu,Umzimkhulu,,to_verify,Clinic,"Primary Healthcare, Chronic Medication, Maternal & Child Health, Family Planning, HIV Testing & Treatment, TB Treatment, Immunisations, Minor Ailments",,,pending
Highflats Clinic,KwaZulu-Natal,Harry Gwala,Highflats,Highflats,,to_verify,Clinic,"Primary Healthcare, Chronic Medication, Maternal & Child Health, Family Planning, HIV Testing & Treatment, TB Treatment, Immunisations, Minor Ailments",,,pending
Rosedale Clinic,Eastern Cape,Nelson Mandela Bay,Kariega,Rosedale,041 506 1114,available,Clinic,"Primary Healthcare, Chronic Medication, Maternal & Child Health, Family Planning, HIV Testing & Treatment, TB Treatment, Immunisations, Minor Ailments",,,pending
Booysens Park Clinic,Eastern Cape,Nelson Mandela Bay,Gqeberha,Booysens Park,041 506 2700,available,Clinic,"Primary Healthcare, Chronic Medication, Maternal & Child Health, Family Planning, HIV Testing & Treatment, TB Treatment, Immunisations, Minor Ailments",,,pending
Chatty Clinic,Eastern Cape,Nelson Mandela Bay,Gqeberha,Chatty,041 506 3070,available,Clinic,"Primary Healthcare, Chronic Medication, Maternal & Child Health, Family Planning, HIV Testing & Treatment, TB Treatment, Immunisations, Minor Ailments",,,pending
Gqebera CHC,Eastern Cape,Nelson Mandela Bay,Gqeberha,Gqebera,041 506 1611,available,CHC,"Primary Healthcare, Chronic Medication, Maternal & Child Health, Family Planning, HIV Testing & Treatment, TB Treatment, Immunisations, Minor Ailments",,,pending
Korsten CHC,Eastern Cape,Nelson Mandela Bay,Gqeberha,Korsten,041 405 2684,available,CHC,"Primary Healthcare, Chronic Medication, Maternal & Child Health, Family Planning, HIV Testing & Treatment, TB Treatment, Immunisations, Minor Ailments",,,pending
West End CHC,Eastern Cape,Nelson Mandela Bay,Gqeberha,West End,041 506 1160,available,CHC,"Primary Healthcare, Chronic Medication, Maternal & Child Health, Family Planning, HIV Testing & Treatment, TB Treatment, Immunisations, Minor Ailments",,,pending
Motherwell CHC,Eastern Cape,Nelson Mandela Bay,Gqeberha,Motherwell,041 462 0200,available,CHC,"Primary Healthcare, Chronic Medication, Maternal & Child Health, Family Planning, HIV Testing & Treatment, TB Treatment, Immunisations, Minor Ailments",,,pending
KwaZakhele Clinic,Eastern Cape,Nelson Mandela Bay,Gqeberha,KwaZakhele,041 405 2000,available,Clinic,"Primary Healthcare, Chronic Medication, Maternal & Child Health, Family Planning, HIV Testing & Treatment, TB Treatment, Immunisations, Minor Ailments",,,pending
New Brighton CHC,Eastern Cape,Nelson Mandela Bay,Gqeberha,New Brighton,041 405 4000,available,CHC,"Primary Healthcare, Chronic Medication, Maternal & Child Health, Family Planning, HIV Testing & Treatment, TB Treatment, Immunisations, Minor Ailments",,,pending
Zwide Clinic,Eastern Cape,Nelson Mandela Bay,Gqeberha,Zwide,041 405 4100,available,Clinic,"Primary Healthcare, Chronic Medication, Maternal & Child Health, Family Planning, HIV Testing & Treatment, TB Treatment, Immunisations, Minor Ailments",,,pending
Flagstaff CHC,Eastern Cape,OR Tambo,Flagstaff,Flagstaff,,to_verify,CHC,"Primary Healthcare, Chronic Medication, Maternal & Child Health, Family Planning, HIV Testing & Treatment, TB Treatment, Immunisations, Minor Ailments",,,pending
Holy Cross Clinic,Eastern Cape,OR Tambo,Holy Cross,Holy Cross,,to_verify,Clinic,"Primary Healthcare, Chronic Medication, Maternal & Child Health, Family Planning, HIV Testing & Treatment, TB Treatment, Immunisations, Minor Ailments",,,pending
Lusikisiki Clinic,Eastern Cape,OR Tambo,Lusikisiki,Lusikisiki,,to_verify,Clinic,"Primary Healthcare, Chronic Medication, Maternal & Child Health, Family Planning, HIV Testing & Treatment, TB Treatment, Immunisations, Minor Ailments",,,pending
Mthatha General Clinic,Eastern Cape,OR Tambo,Mthatha,CBD,047 502 4000,available,Clinic,"Primary Healthcare, Chronic Medication, Maternal & Child Health, Family Planning, HIV Testing & Treatment, TB Treatment, Immunisations, Minor Ailments",,,pending
Ngangelizwe Clinic,Eastern Cape,OR Tambo,Mthatha,Ngangelizwe,047 531 2000,available,Clinic,"Primary Healthcare, Chronic Medication, Maternal & Child Health, Family Planning, HIV Testing & Treatment, TB Treatment, Immunisations, Minor Ailments",,,pending
Maluti CHC,Eastern Cape,Alfred Nzo,Maluti,Maluti,,to_verify,CHC,"Primary Healthcare, Chronic Medication, Maternal & Child Health, Family Planning, HIV Testing & Treatment, TB Treatment, Immunisations, Minor Ailments",,,pending
Matatiele Clinic,Eastern Cape,Alfred Nzo,Matatiele,Matatiele,,to_verify,Clinic,"Primary Healthcare, Chronic Medication, Maternal & Child Health, Family Planning, HIV Testing & Treatment, TB Treatment, Immunisations, Minor Ailments",,,pending
Mount Ayliff Clinic,Eastern Cape,Alfred Nzo,Mount Ayliff,Mount Ayliff,,to_verify,Clinic,"Primary Healthcare, Chronic Medication, Maternal & Child Health, Family Planning, HIV Testing & Treatment, TB Treatment, Immunisations, Minor Ailments",,,pending
Mount Frere Clinic,Eastern Cape,Alfred Nzo,Mount Frere,Mount Frere,,to_verify,Clinic,"Primary Healthcare, Chronic Medication, Maternal & Child Health, Family Planning, HIV Testing & Treatment, TB Treatment, Immunisations, Minor Ailments",,,pending
Tabankulu CHC,Eastern Cape,Alfred Nzo,Tabankulu,Tabankulu,,to_verify,CHC,"Primary Healthcare, Chronic Medication, Maternal & Child Health, Family Planning, HIV Testing & Treatment, TB Treatment, Immunisations, Minor Ailments",,,pending
Bizana Clinic,Eastern Cape,Alfred Nzo,Bizana,Bizana,,to_verify,Clinic,"Primary Healthcare, Chronic Medication, Maternal & Child Health, Family Planning, HIV Testing & Treatment, TB Treatment, Immunisations, Minor Ailments",,,pending
Dimbaza CHC,Eastern Cape,Buffalo City,Dimbaza,Dimbaza,,to_verify,CHC,"Primary Healthcare, Chronic Medication, Maternal & Child Health, Family Planning, HIV Testing & Treatment, TB Treatment, Immunisations, Minor Ailments",,,pending
East London Clinic,Eastern Cape,Buffalo City,East London,CBD,043 708 1111,available,Clinic,"Primary Healthcare, Chronic Medication, Maternal & Child Health, Family Planning, HIV Testing & Treatment, TB Treatment, Immunisations, Minor Ailments",,,pending
Mdantsane CHC,Eastern Cape,Buffalo City,East London,Mdantsane,043 761 2000,available,CHC,"Primary Healthcare, Chronic Medication, Maternal & Child Health, Family Planning, HIV Testing & Treatment, TB Treatment, Immunisations, Minor Ailments",,,pending
Gonubie Clinic,Eastern Cape,Buffalo City,East London,Gonubie,043 740 1000,available,Clinic,"Primary Healthcare, Chronic Medication, Maternal & Child Health, Family Planning, HIV Testing & Treatment, TB Treatment, Immunisations, Minor Ailments",,,pending
Bhisho Clinic,Eastern Cape,Buffalo City,Bhisho,Bhisho,040 635 2500,available,Clinic,"Primary Healthcare, Chronic Medication, Maternal & Child Health, Family Planning, HIV Testing & Treatment, TB Treatment, Immunisations, Minor Ailments",,,pending
King William's Town Clinic,Eastern Cape,Buffalo City,King William's Town,CBD,043 642 1000,available,Clinic,"Primary Healthcare, Chronic Medication, Maternal & Child Health, Family Planning, HIV Testing & Treatment, TB Treatment, Immunisations, Minor Ailments",,,pending
Queenstown Clinic,Eastern Cape,Chris Hani,Komani,CBD,045 808 3000,available,Clinic,"Primary Healthcare, Chronic Medication, Maternal & Child Health, Family Planning, HIV Testing & Treatment, TB Treatment, Immunisations, Minor Ailments",,,pending
Cofimvaba Clinic,Eastern Cape,Chris Hani,Cofimvaba,Cofimvaba,,to_verify,Clinic,"Primary Healthcare, Chronic Medication, Maternal & Child Health, Family Planning, HIV Testing & Treatment, TB Treatment, Immunisations, Minor Ailments",,,pending
Engcobo Clinic,Eastern Cape,Chris Hani,Engcobo,Engcobo,,to_verify,Clinic,"Primary Healthcare, Chronic Medication, Maternal & Child Health, Family Planning, HIV Testing & Treatment, TB Treatment, Immunisations, Minor Ailments",,,pending
Cradock Clinic,Eastern Cape,Chris Hani,Cradock,Cradock,,to_verify,Clinic,"Primary Healthcare, Chronic Medication, Maternal & Child Health, Family Planning, HIV Testing & Treatment, TB Treatment, Immunisations, Minor Ailments",,,pending
Somerset East Clinic,Eastern Cape,Sarah Baartman,Somerset East,Somerset East,,to_verify,Clinic,"Primary Healthcare, Chronic Medication, Maternal & Child Health, Family Planning, HIV Testing & Treatment, TB Treatment, Immunisations, Minor Ailments",,,pending
Graaff-Reinet Clinic,Eastern Cape,Sarah Baartman,Graaff-Reinet,CBD,,to_verify,Clinic,"Primary Healthcare, Chronic Medication, Maternal & Child Health, Family Planning, HIV Testing & Treatment, TB Treatment, Immunisations, Minor Ailments",,,pending
Humansdorp Clinic,Eastern Cape,Sarah Baartman,Humansdorp,Humansdorp,,to_verify,Clinic,"Primary Healthcare, Chronic Medication, Maternal & Child Health, Family Planning, HIV Testing & Treatment, TB Treatment, Immunisations, Minor Ailments",,,pending
Jeffreys Bay Clinic,Eastern Cape,Sarah Baartman,Jeffreys Bay,CBD,,to_verify,Clinic,"Primary Healthcare, Chronic Medication, Maternal & Child Health, Family Planning, HIV Testing & Treatment, TB Treatment, Immunisations, Minor Ailments",,,pending
Kouga Clinic,Eastern Cape,Sarah Baartman,Kouga,Kouga,,to_verify,Clinic,"Primary Healthcare, Chronic Medication, Maternal & Child Health, Family Planning, HIV Testing & Treatment, TB Treatment, Immunisations, Minor Ailments",,,pending
Uitenhage Clinic,Eastern Cape,Nelson Mandela Bay,Kariega,CBD,041 994 1111,available,Clinic,"Primary Healthcare, Chronic Medication, Maternal & Child Health, Family Planning, HIV Testing & Treatment, TB Treatment, Immunisations, Minor Ailments",,,pending
Despatch Clinic,Eastern Cape,Nelson Mandela Bay,Despatch,Despatch,041 933 1000,available,Clinic,"Primary Healthcare, Chronic Medication, Maternal & Child Health, Family Planning, HIV Testing & Treatment, TB Treatment, Immunisations, Minor Ailments",,,pending
Hankey Clinic,Eastern Cape,Sarah Baartman,Hankey,Hankey,,to_verify,Clinic,"Primary Healthcare, Chronic Medication, Maternal & Child Health, Family Planning, HIV Testing & Treatment, TB Treatment, Immunisations, Minor Ailments",,,pending
Patensie Clinic,Eastern Cape,Sarah Baartman,Patensie,Patensie,,to_verify,Clinic,"Primary Healthcare, Chronic Medication, Maternal & Child Health, Family Planning, HIV Testing & Treatment, TB Treatment, Immunisations, Minor Ailments",,,pending
Steytlerville Clinic,Eastern Cape,Sarah Baartman,Steytlerville,Steytlerville,,to_verify,Clinic,"Primary Healthcare, Chronic Medication, Maternal & Child Health, Family Planning, HIV Testing & Treatment, TB Treatment, Immunisations, Minor Ailments",,,pending
Willowmore Clinic,Eastern Cape,Sarah Baartman,Willowmore,Willowmore,,to_verify,Clinic,"Primary Healthcare, Chronic Medication, Maternal & Child Health, Family Planning, HIV Testing & Treatment, TB Treatment, Immunisations, Minor Ailments",,,pending
Jansenville Clinic,Eastern Cape,Sarah Baartman,Jansenville,Jansenville,,to_verify,Clinic,"Primary Healthcare, Chronic Medication, Maternal & Child Health, Family Planning, HIV Testing & Treatment, TB Treatment, Immunisations, Minor Ailments",,,pending
Kirkwood Clinic,Eastern Cape,Sarah Baartman,Kirkwood,Kirkwood,,to_verify,Clinic,"Primary Healthcare, Chronic Medication, Maternal & Child Health, Family Planning, HIV Testing & Treatment, TB Treatment, Immunisations, Minor Ailments",,,pending
Adelaide Clinic,Eastern Cape,Amathole,Adelaide,Adelaide,,to_verify,Clinic,"Primary Healthcare, Chronic Medication, Maternal & Child Health, Family Planning, HIV Testing & Treatment, TB Treatment, Immunisations, Minor Ailments",,,pending
Fort Beaufort Clinic,Eastern Cape,Amathole,Fort Beaufort,Fort Beaufort,,to_verify,Clinic,"Primary Healthcare, Chronic Medication, Maternal & Child Health, Family Planning, HIV Testing & Treatment, TB Treatment, Immunisations, Minor Ailments",,,pending
Alice Clinic,Eastern Cape,Amathole,Alice,Alice,,to_verify,Clinic,"Primary Healthcare, Chronic Medication, Maternal & Child Health, Family Planning, HIV Testing & Treatment, TB Treatment, Immunisations, Minor Ailments",,,pending
Stutterheim Clinic,Eastern Cape,Amathole,Stutterheim,Stutterheim,,to_verify,Clinic,"Primary Healthcare, Chronic Medication, Maternal & Child Health, Family Planning, HIV Testing & Treatment, TB Treatment, Immunisations, Minor Ailments",,,pending
Butterworth Clinic,Eastern Cape,Amathole,Butterworth,Butterworth,,to_verify,Clinic,"Primary Healthcare, Chronic Medication, Maternal & Child Health, Family Planning, HIV Testing & Treatment, TB Treatment, Immunisations, Minor Ailments",,,pending
Ngqamakhwe Clinic,Eastern Cape,Amathole,Ngqamakhwe,Ngqamakhwe,,to_verify,Clinic,"Primary Healthcare, Chronic Medication, Maternal & Child Health, Family Planning, HIV Testing & Treatment, TB Treatment, Immunisations, Minor Ailments",,,pending
Dutywa Clinic,Eastern Cape,Amathole,Dutywa,Dutywa,,to_verify,Clinic,"Primary Healthcare, Chronic Medication, Maternal & Child Health, Family Planning, HIV Testing & Treatment, TB Treatment, Immunisations, Minor Ailments",,,pending
Centane Clinic,Eastern Cape,Amathole,Centane,Centane,,to_verify,Clinic,"Primary Healthcare, Chronic Medication, Maternal & Child Health, Family Planning, HIV Testing & Treatment, TB Treatment, Immunisations, Minor Ailments",,,pending
Willowvale Clinic,Eastern Cape,Amathole,Willowvale,Willowvale,,to_verify,Clinic,"Primary Healthcare, Chronic Medication, Maternal & Child Health, Family Planning, HIV Testing & Treatment, TB Treatment, Immunisations, Minor Ailments",,,pending
Peddie Clinic,Eastern Cape,Amathole,Peddie,Peddie,,to_verify,Clinic,"Primary Healthcare, Chronic Medication, Maternal & Child Health, Family Planning, HIV Testing & Treatment, TB Treatment, Immunisations, Minor Ailments",,,pending
Alexandria Clinic,Eastern Cape,Sarah Baartman,Alexandria,Alexandria,,to_verify,Clinic,"Primary Healthcare, Chronic Medication, Maternal & Child Health, Family Planning, HIV Testing & Treatment, TB Treatment, Immunisations, Minor Ailments",,,pending
Heidedal CHC,Free State,Mangaung,Bloemfontein,Heidedal,051 404 1252,available,CHC,"Primary Healthcare, Chronic Medication, Maternal & Child Health, Family Planning, HIV Testing & Treatment, TB Treatment, Immunisations, Minor Ailments",,,pending
MUCPP CHC,Free State,Mangaung,Bloemfontein,Rocklands,051 434 3542,available,CHC,"Primary Healthcare, Chronic Medication, Maternal & Child Health, Family Planning, HIV Testing & Treatment, TB Treatment, Immunisations, Minor Ailments",,,pending
Batho Clinic,Free State,Mangaung,Bloemfontein,Batho,051 405 4000,available,Clinic,"Primary Healthcare, Chronic Medication, Maternal & Child Health, Family Planning, HIV Testing & Treatment, TB Treatment, Immunisations, Minor Ailments",,,pending
Thusong Clinic,Free State,Mangaung,Bloemfontein,Moshoeshoe Road,,to_verify,Clinic,"Primary Healthcare, Chronic Medication, Maternal & Child Health, Family Planning, HIV Testing & Treatment, TB Treatment, Immunisations, Minor Ailments",,,pending
Botshabelo Clinic,Free State,Mangaung,Botshabelo,Botshabelo,051 534 2000,available,Clinic,"Primary Healthcare, Chronic Medication, Maternal & Child Health, Family Planning, HIV Testing & Treatment, TB Treatment, Immunisations, Minor Ailments",,,pending
Thaba Nchu Clinic,Free State,Mangaung,Thaba Nchu,Thaba Nchu,051 873 1000,available,Clinic,"Primary Healthcare, Chronic Medication, Maternal & Child Health, Family Planning, HIV Testing & Treatment, TB Treatment, Immunisations, Minor Ailments",,,pending
Namahadi Clinic,Free State,Thabo Mofutsanyana,Qwa-Qwa,Namahadi,,to_verify,Clinic,"Primary Healthcare, Chronic Medication, Maternal & Child Health, Family Planning, HIV Testing & Treatment, TB Treatment, Immunisations, Minor Ailments",,,pending
Bethlehem Clinic,Free State,Thabo Mofutsanyana,Bethlehem,CBD,058 303 4000,available,Clinic,"Primary Healthcare, Chronic Medication, Maternal & Child Health, Family Planning, HIV Testing & Treatment, TB Treatment, Immunisations, Minor Ailments",,,pending
Harrismith Clinic,Free State,Thabo Mofutsanyana,Harrismith,CBD,058 622 1000,available,Clinic,"Primary Healthcare, Chronic Medication, Maternal & Child Health, Family Planning, HIV Testing & Treatment, TB Treatment, Immunisations, Minor Ailments",,,pending
Senekal Clinic,Free State,Thabo Mofutsanyana,Senekal,Senekal,,to_verify,Clinic,"Primary Healthcare, Chronic Medication, Maternal & Child Health, Family Planning, HIV Testing & Treatment, TB Treatment, Immunisations, Minor Ailments",,,pending
Ficksburg Clinic,Free State,Thabo Mofutsanyana,Ficksburg,Ficksburg,,to_verify,Clinic,"Primary Healthcare, Chronic Medication, Maternal & Child Health, Family Planning, HIV Testing & Treatment, TB Treatment, Immunisations, Minor Ailments",,,pending
Clarens Clinic,Free State,Thabo Mofutsanyana,Clarens,Clarens,,to_verify,Clinic,"Primary Healthcare, Chronic Medication, Maternal & Child Health, Family Planning, HIV Testing & Treatment, TB Treatment, Immunisations, Minor Ailments",,,pending
Reitz Clinic,Free State,Thabo Mofutsanyana,Reitz,Reitz,,to_verify,Clinic,"Primary Healthcare, Chronic Medication, Maternal & Child Health, Family Planning, HIV Testing & Treatment, TB Treatment, Immunisations, Minor Ailments",,,pending
Frankfort Clinic,Free State,Fezile Dabi,Frankfort,Frankfort,,to_verify,Clinic,"Primary Healthcare, Chronic Medication, Maternal & Child Health, Family Planning, HIV Testing & Treatment, TB Treatment, Immunisations, Minor Ailments",,,pending
Sasolburg Clinic,Free State,Fezile Dabi,Sasolburg,CBD,016 970 1000,available,Clinic,"Primary Healthcare, Chronic Medication, Maternal & Child Health, Family Planning, HIV Testing & Treatment, TB Treatment, Immunisations, Minor Ailments",,,pending
Parys Clinic,Free State,Fezile Dabi,Parys,Parys,,to_verify,Clinic,"Primary Healthcare, Chronic Medication, Maternal & Child Health, Family Planning, HIV Testing & Treatment, TB Treatment, Immunisations, Minor Ailments",,,pending
Kroonstad Clinic,Free State,Fezile Dabi,Kroonstad,CBD,056 215 1000,available,Clinic,"Primary Healthcare, Chronic Medication, Maternal & Child Health, Family Planning, HIV Testing & Treatment, TB Treatment, Immunisations, Minor Ailments",,,pending
Heilbron Clinic,Free State,Fezile Dabi,Heilbron,Heilbron,,to_verify,Clinic,"Primary Healthcare, Chronic Medication, Maternal & Child Health, Family Planning, HIV Testing & Treatment, TB Treatment, Immunisations, Minor Ailments",,,pending
Vrede Clinic,Free State,Thabo Mofutsanyana,Vrede,Vrede,,to_verify,Clinic,"Primary Healthcare, Chronic Medication, Maternal & Child Health, Family Planning, HIV Testing & Treatment, TB Treatment, Immunisations, Minor Ailments",,,pending
Warden Clinic,Free State,Thabo Mofutsanyana,Warden,Warden,,to_verify,Clinic,"Primary Healthcare, Chronic Medication, Maternal & Child Health, Family Planning, HIV Testing & Treatment, TB Treatment, Immunisations, Minor Ailments",,,pending
Welkom Clinic,Free State,Lejweleputswa,Welkom,CBD,057 916 2000,available,Clinic,"Primary Healthcare, Chronic Medication, Maternal & Child Health, Family Planning, HIV Testing & Treatment, TB Treatment, Immunisations, Minor Ailments",,,pending
Virginia Clinic,Free State,Lejweleputswa,Virginia,Virginia,,to_verify,Clinic,"Primary Healthcare, Chronic Medication, Maternal & Child Health, Family Planning, HIV Testing & Treatment, TB Treatment, Immunisations, Minor Ailments",,,pending
Theunissen Clinic,Free State,Lejweleputswa,Theunissen,Theunissen,,to_verify,Clinic,"Primary Healthcare, Chronic Medication, Maternal & Child Health, Family Planning, HIV Testing & Treatment, TB Treatment, Immunisations, Minor Ailments",,,pending
Winburg Clinic,Free State,Lejweleputswa,Winburg,Winburg,,to_verify,Clinic,"Primary Healthcare, Chronic Medication, Maternal & Child Health, Family Planning, HIV Testing & Treatment, TB Treatment, Immunisations, Minor Ailments",,,pending
Hennenman Clinic,Free State,Lejweleputswa,Hennenman,Hennenman,,to_verify,Clinic,"Primary Healthcare, Chronic Medication, Maternal & Child Health, Family Planning, HIV Testing & Treatment, TB Treatment, Immunisations, Minor Ailments",,,pending
Ventersburg Clinic,Free State,Lejweleputswa,Ventersburg,Ventersburg,,to_verify,Clinic,"Primary Healthcare, Chronic Medication, Maternal & Child Health, Family Planning, HIV Testing & Treatment, TB Treatment, Immunisations, Minor Ailments",,,pending
Odendaalsrus Clinic,Free State,Lejweleputswa,Odendaalsrus,Odendaalsrus,,to_verify,Clinic,"Primary Healthcare, Chronic Medication, Maternal & Child Health, Family Planning, HIV Testing & Treatment, TB Treatment, Immunisations, Minor Ailments",,,pending
Allanridge Clinic,Free State,Lejweleputswa,Allanridge,Allanridge,,to_verify,Clinic,"Primary Healthcare, Chronic Medication, Maternal & Child Health, Family Planning, HIV Testing & Treatment, TB Treatment, Immunisations, Minor Ailments",,,pending
Bothaville Clinic,Free State,Lejweleputswa,Bothaville,Bothaville,,to_verify,Clinic,"Primary Healthcare, Chronic Medication, Maternal & Child Health, Family Planning, HIV Testing & Treatment, TB Treatment, Immunisations, Minor Ailments",,,pending
Wesselsbron Clinic,Free State,Lejweleputswa,Wesselsbron,Wesselsbron,,to_verify,Clinic,"Primary Healthcare, Chronic Medication, Maternal & Child Health, Family Planning, HIV Testing & Treatment, TB Treatment, Immunisations, Minor Ailments",,,pending
Hoopstad Clinic,Free State,Lejweleputswa,Hoopstad,Hoopstad,,to_verify,Clinic,"Primary Healthcare, Chronic Medication, Maternal & Child Health, Family Planning, HIV Testing & Treatment, TB Treatment, Immunisations, Minor Ailments",,,pending
Bloemhof Clinic,Free State,Lejweleputswa,Bloemhof,Bloemhof,,to_verify,Clinic,"Primary Healthcare, Chronic Medication, Maternal & Child Health, Family Planning, HIV Testing & Treatment, TB Treatment, Immunisations, Minor Ailments",,,pending
Christiana Clinic,Free State,Lejweleputswa,Christiana,Christiana,,to_verify,Clinic,"Primary Healthcare, Chronic Medication, Maternal & Child Health, Family Planning, HIV Testing & Treatment, TB Treatment, Immunisations, Minor Ailments",,,pending
Bultfontein Clinic,Free State,Lejweleputswa,Bultfontein,Bultfontein,,to_verify,Clinic,"Primary Healthcare, Chronic Medication, Maternal & Child Health, Family Planning, HIV Testing & Treatment, TB Treatment, Immunisations, Minor Ailments",,,pending
Brandfort Clinic,Free State,Lejweleputswa,Brandfort,Brandfort,,to_verify,Clinic,"Primary Healthcare, Chronic Medication, Maternal & Child Health, Family Planning, HIV Testing & Treatment, TB Treatment, Immunisations, Minor Ailments",,,pending
Dewetsdorp Clinic,Free State,Xhariep,Dewetsdorp,Dewetsdorp,,to_verify,Clinic,"Primary Healthcare, Chronic Medication, Maternal & Child Health, Family Planning, HIV Testing & Treatment, TB Treatment, Immunisations, Minor Ailments",,,pending
Reddersburg Clinic,Free State,Xhariep,Reddersburg,Reddersburg,,to_verify,Clinic,"Primary Healthcare, Chronic Medication, Maternal & Child Health, Family Planning, HIV Testing & Treatment, TB Treatment, Immunisations, Minor Ailments",,,pending
Edenburg Clinic,Free State,Xhariep,Edenburg,Edenburg,,to_verify,Clinic,"Primary Healthcare, Chronic Medication, Maternal & Child Health, Family Planning, HIV Testing & Treatment, TB Treatment, Immunisations, Minor Ailments",,,pending
Trompsburg Clinic,Free State,Xhariep,Trompsburg,Trompsburg,,to_verify,Clinic,"Primary Healthcare, Chronic Medication, Maternal & Child Health, Family Planning, HIV Testing & Treatment, TB Treatment, Immunisations, Minor Ailments",,,pending
Springfontein Clinic,Free State,Xhariep,Springfontein,Springfontein,,to_verify,Clinic,"Primary Healthcare, Chronic Medication, Maternal & Child Health, Family Planning, HIV Testing & Treatment, TB Treatment, Immunisations, Minor Ailments",,,pending
Philippolis Clinic,Free State,Xhariep,Philippolis,Philippolis,,to_verify,Clinic,"Primary Healthcare, Chronic Medication, Maternal & Child Health, Family Planning, HIV Testing & Treatment, TB Treatment, Immunisations, Minor Ailments",,,pending
Fauresmith Clinic,Free State,Xhariep,Fauresmith,Fauresmith,,to_verify,Clinic,"Primary Healthcare, Chronic Medication, Maternal & Child Health, Family Planning, HIV Testing & Treatment, TB Treatment, Immunisations, Minor Ailments",,,pending
Jagersfontein Clinic,Free State,Xhariep,Jagersfontein,Jagersfontein,,to_verify,Clinic,"Primary Healthcare, Chronic Medication, Maternal & Child Health, Family Planning, HIV Testing & Treatment, TB Treatment, Immunisations, Minor Ailments",,,pending
Koffiefontein Clinic,Free State,Xhariep,Koffiefontein,Koffiefontein,,to_verify,Clinic,"Primary Healthcare, Chronic Medication, Maternal & Child Health, Family Planning, HIV Testing & Treatment, TB Treatment, Immunisations, Minor Ailments",,,pending
Petrusburg Clinic,Free State,Xhariep,Petrusburg,Petrusburg,,to_verify,Clinic,"Primary Healthcare, Chronic Medication, Maternal & Child Health, Family Planning, HIV Testing & Treatment, TB Treatment, Immunisations, Minor Ailments",,,pending
Luckhoff Clinic,Free State,Xhariep,Luckhoff,Luckhoff,,to_verify,Clinic,"Primary Healthcare, Chronic Medication, Maternal & Child Health, Family Planning, HIV Testing & Treatment, TB Treatment, Immunisations, Minor Ailments",,,pending
Jacobsdal Clinic,Free State,Xhariep,Jacobsdal,Jacobsdal,,to_verify,Clinic,"Primary Healthcare, Chronic Medication, Maternal & Child Health, Family Planning, HIV Testing & Treatment, TB Treatment, Immunisations, Minor Ailments",,,pending
Koppies Clinic,Free State,Fezile Dabi,Koppies,Koppies,,to_verify,Clinic,"Primary Healthcare, Chronic Medication, Maternal & Child Health, Family Planning, HIV Testing & Treatment, TB Treatment, Immunisations, Minor Ailments",,,pending
Villiers Clinic,Free State,Fezile Dabi,Villiers,Villiers,,to_verify,Clinic,"Primary Healthcare, Chronic Medication, Maternal & Child Health, Family Planning, HIV Testing & Treatment, TB Treatment, Immunisations, Minor Ailments",,,pending
Cornelia Clinic,Free State,Fezile Dabi,Cornelia,Cornelia,,to_verify,Clinic,"Primary Healthcare, Chronic Medication, Maternal & Child Health, Family Planning, HIV Testing & Treatment, TB Treatment, Immunisations, Minor Ailments",,,pending
Memel Clinic,Free State,Thabo Mofutsanyana,Memel,Memel,,to_verify,Clinic,"Primary Healthcare, Chronic Medication, Maternal & Child Health, Family Planning, HIV Testing & Treatment, TB Treatment, Immunisations, Minor Ailments",,,pending
Paul Roux Clinic,Free State,Thabo Mofutsanyana,Paul Roux,Paul Roux,,to_verify,Clinic,"Primary Healthcare, Chronic Medication, Maternal & Child Health, Family Planning, HIV Testing & Treatment, TB Treatment, Immunisations, Minor Ailments",,,pending
80 Albert Street Clinic,Gauteng,Johannesburg,Johannesburg,Marshalltown,,to_verify,Clinic,"Primary Healthcare, Chronic Medication, Maternal & Child Health, Family Planning, HIV Testing & Treatment, TB Treatment, Immunisations, Minor Ailments",,,pending
Mayfair Clinic,Gauteng,Johannesburg,Johannesburg,Mayfair,011 837 6206,available,Clinic,"Primary Healthcare, Chronic Medication, Maternal & Child Health, Family Planning, HIV Testing & Treatment, TB Treatment, Immunisations, Minor Ailments",,,pending
Rosettenville Clinic,Gauteng,Johannesburg,Johannesburg,Rosettenville,011 435 1045,available,Clinic,"Primary Healthcare, Chronic Medication, Maternal & Child Health, Family Planning, HIV Testing & Treatment, TB Treatment, Immunisations, Minor Ailments",,,pending
Yeoville Clinic,Gauteng,Johannesburg,Johannesburg,Yeoville,011 648 7979,available,Clinic,"Primary Healthcare, Chronic Medication, Maternal & Child Health, Family Planning, HIV Testing & Treatment, TB Treatment, Immunisations, Minor Ailments",,,pending
Alexandra CHC,Gauteng,Johannesburg,Johannesburg,Alexandra,011 443 2000,available,CHC,"Primary Healthcare, Chronic Medication, Maternal & Child Health, Family Planning, HIV Testing & Treatment, TB Treatment, Immunisations, Minor Ailments",,,pending
Chiawelo CHC,Gauteng,Johannesburg,Soweto,Chiawelo,011 938 5000,available,CHC,"Primary Healthcare, Chronic Medication, Maternal & Child Health, Family Planning, HIV Testing & Treatment, TB Treatment, Immunisations, Minor Ailments",,,pending
Diepkloof Clinic,Gauteng,Johannesburg,Soweto,Diepkloof,011 938 3000,available,Clinic,"Primary Healthcare, Chronic Medication, Maternal & Child Health, Family Planning, HIV Testing & Treatment, TB Treatment, Immunisations, Minor Ailments",,,pending
Dobsonville Clinic,Gauteng,Johannesburg,Soweto,Dobsonville,011 938 4000,available,Clinic,"Primary Healthcare, Chronic Medication, Maternal & Child Health, Family Planning, HIV Testing & Treatment, TB Treatment, Immunisations, Minor Ailments",,,pending
Eldorado Park Ext 9 Clinic,Gauteng,Johannesburg,Johannesburg,Eldorado Park,,to_verify,Clinic,"Primary Healthcare, Chronic Medication, Maternal & Child Health, Family Planning, HIV Testing & Treatment, TB Treatment, Immunisations, Minor Ailments",,,pending
Ennerdale Ext 8 Clinic,Gauteng,Johannesburg,Johannesburg,Ennerdale,,to_verify,Clinic,"Primary Healthcare, Chronic Medication, Maternal & Child Health, Family Planning, HIV Testing & Treatment, TB Treatment, Immunisations, Minor Ailments",,,pending
Lenasia South Clinic,Gauteng,Johannesburg,Johannesburg,Lenasia,,to_verify,Clinic,"Primary Healthcare, Chronic Medication, Maternal & Child Health, Family Planning, HIV Testing & Treatment, TB Treatment, Immunisations, Minor Ailments",,,pending
Orlando Clinic,Gauteng,Johannesburg,Soweto,Orlando East,,to_verify,Clinic,"Primary Healthcare, Chronic Medication, Maternal & Child Health, Family Planning, HIV Testing & Treatment, TB Treatment, Immunisations, Minor Ailments",,,pending
Pimville Clinic,Gauteng,Johannesburg,Soweto,Pimville,,to_verify,Clinic,"Primary Healthcare, Chronic Medication, Maternal & Child Health, Family Planning, HIV Testing & Treatment, TB Treatment, Immunisations, Minor Ailments",,,pending
Senaoane Clinic,Gauteng,Johannesburg,Soweto,Senaoane,,to_verify,Clinic,"Primary Healthcare, Chronic Medication, Maternal & Child Health, Family Planning, HIV Testing & Treatment, TB Treatment, Immunisations, Minor Ailments",,,pending
Zola Clinic,Gauteng,Johannesburg,Soweto,Zola,,to_verify,Clinic,"Primary Healthcare, Chronic Medication, Maternal & Child Health, Family Planning, HIV Testing & Treatment, TB Treatment, Immunisations, Minor Ailments",,,pending
Meadowlands Clinic,Gauteng,Johannesburg,Soweto,Meadowlands,,to_verify,Clinic,"Primary Healthcare, Chronic Medication, Maternal & Child Health, Family Planning, HIV Testing & Treatment, TB Treatment, Immunisations, Minor Ailments",,,pending
Hillbrow Clinic,Gauteng,Johannesburg,Johannesburg,Hillbrow,011 481 2000,available,Clinic,"Primary Healthcare, Chronic Medication, Maternal & Child Health, Family Planning, HIV Testing & Treatment, TB Treatment, Immunisations, Minor Ailments",,,pending
Jeppe Clinic,Gauteng,Johannesburg,Johannesburg,Jeppestown,,to_verify,Clinic,"Primary Healthcare, Chronic Medication, Maternal & Child Health, Family Planning, HIV Testing & Treatment, TB Treatment, Immunisations, Minor Ailments",,,pending
Roodepoort Clinic,Gauteng,Johannesburg,Roodepoort,CBD,,to_verify,Clinic,"Primary Healthcare, Chronic Medication, Maternal & Child Health, Family Planning, HIV Testing & Treatment, TB Treatment, Immunisations, Minor Ailments",,,pending
Florida Clinic,Gauteng,Johannesburg,Roodepoort,Florida,,to_verify,Clinic,"Primary Healthcare, Chronic Medication, Maternal & Child Health, Family Planning, HIV Testing & Treatment, TB Treatment, Immunisations, Minor Ailments",,,pending
Tshwane CHC,Gauteng,Tshwane,Pretoria,CBD,,to_verify,CHC,"Primary Healthcare, Chronic Medication, Maternal & Child Health, Family Planning, HIV Testing & Treatment, TB Treatment, Immunisations, Minor Ailments",,,pending
Mamelodi Clinic,Gauteng,Tshwane,Pretoria,Mamelodi,012 841 4000,available,Clinic,"Primary Healthcare, Chronic Medication, Maternal & Child Health, Family Planning, HIV Testing & Treatment, TB Treatment, Immunisations, Minor Ailments",,,pending
Atteridgeville Clinic,Gauteng,Tshwane,Pretoria,Atteridgeville,012 373 2000,available,Clinic,"Primary Healthcare, Chronic Medication, Maternal & Child Health, Family Planning, HIV Testing & Treatment, TB Treatment, Immunisations, Minor Ailments",,,pending
Soshanguve CHC,Gauteng,Tshwane,Pretoria,Soshanguve,012 799 3000,available,CHC,"Primary Healthcare, Chronic Medication, Maternal & Child Health, Family Planning, HIV Testing & Treatment, TB Treatment, Immunisations, Minor Ailments",,,pending
Ga-Rankuwa Clinic,Gauteng,Tshwane,Ga-Rankuwa,Ga-Rankuwa,012 799 5000,available,Clinic,"Primary Healthcare, Chronic Medication, Maternal & Child Health, Family Planning, HIV Testing & Treatment, TB Treatment, Immunisations, Minor Ailments",,,pending
Mabopane Clinic,Gauteng,Tshwane,Mabopane,Mabopane,012 799 7000,available,Clinic,"Primary Healthcare, Chronic Medication, Maternal & Child Health, Family Planning, HIV Testing & Treatment, TB Treatment, Immunisations, Minor Ailments",,,pending
Hammanskraal Clinic,Gauteng,Tshwane,Hammanskraal,Hammanskraal,012 711 3000,available,Clinic,"Primary Healthcare, Chronic Medication, Maternal & Child Health, Family Planning, HIV Testing & Treatment, TB Treatment, Immunisations, Minor Ailments",,,pending
Phedisong 1 Clinic,Gauteng,Tshwane,Ga-Rankuwa,Phedisong,,to_verify,Clinic,"Primary Healthcare, Chronic Medication, Maternal & Child Health, Family Planning, HIV Testing & Treatment, TB Treatment, Immunisations, Minor Ailments",,,pending
Laudium Clinic,Gauteng,Tshwane,Pretoria,Laudium,012 374 2000,available,Clinic,"Primary Healthcare, Chronic Medication, Maternal & Child Health, Family Planning, HIV Testing & Treatment, TB Treatment, Immunisations, Minor Ailments",,,pending
Eersterust Clinic,Gauteng,Tshwane,Pretoria,Eersterust,012 806 2000,available,Clinic,"Primary Healthcare, Chronic Medication, Maternal & Child Health, Family Planning, HIV Testing & Treatment, TB Treatment, Immunisations, Minor Ailments",,,pending
Centurion Clinic,Gauteng,Tshwane,Centurion,Centurion,012 663 2000,available,Clinic,"Primary Healthcare, Chronic Medication, Maternal & Child Health, Family Planning, HIV Testing & Treatment, TB Treatment, Immunisations, Minor Ailments",,,pending
Olievenhoutbosch Clinic,Gauteng,Tshwane,Centurion,Olievenhoutbosch,,to_verify,Clinic,"Primary Healthcare, Chronic Medication, Maternal & Child Health, Family Planning, HIV Testing & Treatment, TB Treatment, Immunisations, Minor Ailments",,,pending
Ekangala Clinic,Gauteng,Tshwane,Ekangala,Ekangala,,to_verify,Clinic,"Primary Healthcare, Chronic Medication, Maternal & Child Health, Family Planning, HIV Testing & Treatment, TB Treatment, Immunisations, Minor Ailments",,,pending
Bronkhorstspruit Clinic,Gauteng,Tshwane,Bronkhorstspruit,CBD,013 932 2000,available,Clinic,"Primary Healthcare, Chronic Medication, Maternal & Child Health, Family Planning, HIV Testing & Treatment, TB Treatment, Immunisations, Minor Ailments",,,pending
Cullinan Clinic,Gauteng,Tshwane,Cullinan,Cullinan,,to_verify,Clinic,"Primary Healthcare, Chronic Medication, Maternal & Child Health, Family Planning, HIV Testing & Treatment, TB Treatment, Immunisations, Minor Ailments",,,pending
Springs Clinic,Gauteng,Ekurhuleni,Springs,CBD,011 812 1000,available,Clinic,"Primary Healthcare, Chronic Medication, Maternal & Child Health, Family Planning, HIV Testing & Treatment, TB Treatment, Immunisations, Minor Ailments",,,pending
KwaThema Clinic,Gauteng,Ekurhuleni,Springs,KwaThema,011 730 2000,available,Clinic,"Primary Healthcare, Chronic Medication, Maternal & Child Health, Family Planning, HIV Testing & Treatment, TB Treatment, Immunisations, Minor Ailments",,,pending
Tsakane Clinic,Gauteng,Ekurhuleni,Brakpan,Tsakane,011 732 3000,available,Clinic,"Primary Healthcare, Chronic Medication, Maternal & Child Health, Family Planning, HIV Testing & Treatment, TB Treatment, Immunisations, Minor Ailments",,,pending
Daveyton Clinic,Gauteng,Ekurhuleni,Benoni,Daveyton,011 968 2000,available,Clinic,"Primary Healthcare, Chronic Medication, Maternal & Child Health, Family Planning, HIV Testing & Treatment, TB Treatment, Immunisations, Minor Ailments",,,pending
Etwatwa Clinic,Gauteng,Ekurhuleni,Benoni,Etwatwa,011 968 4000,available,Clinic,"Primary Healthcare, Chronic Medication, Maternal & Child Health, Family Planning, HIV Testing & Treatment, TB Treatment, Immunisations, Minor Ailments",,,pending
Tembisa CHC,Gauteng,Ekurhuleni,Tembisa,Tembisa,011 923 2000,available,CHC,"Primary Healthcare, Chronic Medication, Maternal & Child Health, Family Planning, HIV Testing & Treatment, TB Treatment, Immunisations, Minor Ailments",,,pending
Ivory Park Clinic,Gauteng,Ekurhuleni,Tembisa,Ivory Park,011 923 3000,available,Clinic,"Primary Healthcare, Chronic Medication, Maternal & Child Health, Family Planning, HIV Testing & Treatment, TB Treatment, Immunisations, Minor Ailments",,,pending
Kempton Park Clinic,Gauteng,Ekurhuleni,Kempton Park,CBD,011 974 2000,available,Clinic,"Primary Healthcare, Chronic Medication, Maternal & Child Health, Family Planning, HIV Testing & Treatment, TB Treatment, Immunisations, Minor Ailments",,,pending
Germiston Clinic,Gauteng,Ekurhuleni,Germiston,CBD,011 999 2000,available,Clinic,"Primary Healthcare, Chronic Medication, Maternal & Child Health, Family Planning, HIV Testing & Treatment, TB Treatment, Immunisations, Minor Ailments",,,pending
Katlehong Clinic,Gauteng,Ekurhuleni,Katlehong,Katlehong,011 866 2000,available,Clinic,"Primary Healthcare, Chronic Medication, Maternal & Child Health, Family Planning, HIV Testing & Treatment, TB Treatment, Immunisations, Minor Ailments",,,pending
Vosloorus Clinic,Gauteng,Ekurhuleni,Vosloorus,Vosloorus,011 860 2000,available,Clinic,"Primary Healthcare, Chronic Medication, Maternal & Child Health, Family Planning, HIV Testing & Treatment, TB Treatment, Immunisations, Minor Ailments",,,pending
Alberton Clinic,Gauteng,Ekurhuleni,Alberton,CBD,011 864 2000,available,Clinic,"Primary Healthcare, Chronic Medication, Maternal & Child Health, Family Planning, HIV Testing & Treatment, TB Treatment, Immunisations, Minor Ailments",,,pending
Boksburg Clinic,Gauteng,Ekurhuleni,Boksburg,CBD,011 917 2000,available,Clinic,"Primary Healthcare, Chronic Medication, Maternal & Child Health, Family Planning, HIV Testing & Treatment, TB Treatment, Immunisations, Minor Ailments",,,pending
Benoni Clinic,Gauteng,Ekurhuleni,Benoni,CBD,011 421 2000,available,Clinic,"Primary Healthcare, Chronic Medication, Maternal & Child Health, Family Planning, HIV Testing & Treatment, TB Treatment, Immunisations, Minor Ailments",,,pending
Nigel Clinic,Gauteng,Ekurhuleni,Nigel,CBD,011 814 2000,available,Clinic,"Primary Healthcare, Chronic Medication, Maternal & Child Health, Family Planning, HIV Testing & Treatment, TB Treatment, Immunisations, Minor Ailments",,,pending
Heidelberg Clinic,Gauteng,Sedibeng,Heidelberg,CBD,,to_verify,Clinic,"Primary Healthcare, Chronic Medication, Maternal & Child Health, Family Planning, HIV Testing & Treatment, TB Treatment, Immunisations, Minor Ailments",,,pending
Vereeniging Clinic,Gauteng,Sedibeng,Vereeniging,CBD,016 450 2000,available,Clinic,"Primary Healthcare, Chronic Medication, Maternal & Child Health, Family Planning, HIV Testing & Treatment, TB Treatment, Immunisations, Minor Ailments",,,pending
Sebokeng Clinic,Gauteng,Sedibeng,Sebokeng,Sebokeng,016 988 2000,available,Clinic,"Primary Healthcare, Chronic Medication, Maternal & Child Health, Family Planning, HIV Testing & Treatment, TB Treatment, Immunisations, Minor Ailments",,,pending
Evaton Clinic,Gauteng,Sedibeng,Evaton,Evaton,016 580 2000,available,Clinic,"Primary Healthcare, Chronic Medication, Maternal & Child Health, Family Planning, HIV Testing & Treatment, TB Treatment, Immunisations, Minor Ailments",,,pending
Sharpeville Clinic,Gauteng,Sedibeng,Sharpeville,Sharpeville,,to_verify,Clinic,"Primary Healthcare, Chronic Medication, Maternal & Child Health, Family Planning, HIV Testing & Treatment, TB Treatment, Immunisations, Minor Ailments",,,pending
Bungeni CHC,Limpopo,Vhembe,Bungeni,Bungeni,,to_verify,CHC,"Primary Healthcare, Chronic Medication, Maternal & Child Health, Family Planning, HIV Testing & Treatment, TB Treatment, Immunisations, Minor Ailments",,,pending
Damani Clinic,Limpopo,Vhembe,Damani,Damani,,to_verify,Clinic,"Primary Healthcare, Chronic Medication, Maternal & Child Health, Family Planning, HIV Testing & Treatment, TB Treatment, Immunisations, Minor Ailments",,,pending
Davhana Clinic,Limpopo,Vhembe,Davhana,Davhana,,to_verify,Clinic,"Primary Healthcare, Chronic Medication, Maternal & Child Health, Family Planning, HIV Testing & Treatment, TB Treatment, Immunisations, Minor Ailments",,,pending
Tswinga Clinic,Limpopo,Vhembe,Thohoyandou,Tswinga,,to_verify,Clinic,"Primary Healthcare, Chronic Medication, Maternal & Child Health, Family Planning, HIV Testing & Treatment, TB Treatment, Immunisations, Minor Ailments",,,pending
Thohoyandou CHC,Limpopo,Vhembe,Thohoyandou,CBD,015 960 2000,available,CHC,"Primary Healthcare, Chronic Medication, Maternal & Child Health, Family Planning, HIV Testing & Treatment, TB Treatment, Immunisations, Minor Ailments",,,pending
Sibasa Clinic,Limpopo,Vhembe,Sibasa,Sibasa,015 960 1000,available,Clinic,"Primary Healthcare, Chronic Medication, Maternal & Child Health, Family Planning, HIV Testing & Treatment, TB Treatment, Immunisations, Minor Ailments",,,pending
Louis Trichardt Clinic,Limpopo,Vhembe,Louis Trichardt,CBD,015 516 2000,available,Clinic,"Primary Healthcare, Chronic Medication, Maternal & Child Health, Family Planning, HIV Testing & Treatment, TB Treatment, Immunisations, Minor Ailments",,,pending
Makhado Clinic,Limpopo,Vhembe,Makhado,Makhado,,to_verify,Clinic,"Primary Healthcare, Chronic Medication, Maternal & Child Health, Family Planning, HIV Testing & Treatment, TB Treatment, Immunisations, Minor Ailments",,,pending
Musina Clinic,Limpopo,Vhembe,Musina,CBD,015 534 2000,available,Clinic,"Primary Healthcare, Chronic Medication, Maternal & Child Health, Family Planning, HIV Testing & Treatment, TB Treatment, Immunisations, Minor Ailments",,,pending
Vuwani Clinic,Limpopo,Vhembe,Vuwani,Vuwani,,to_verify,Clinic,"Primary Healthcare, Chronic Medication, Maternal & Child Health, Family Planning, HIV Testing & Treatment, TB Treatment, Immunisations, Minor Ailments",,,pending
Mutale Clinic,Limpopo,Vhembe,Mutale,Mutale,,to_verify,Clinic,"Primary Healthcare, Chronic Medication, Maternal & Child Health, Family Planning, HIV Testing & Treatment, TB Treatment, Immunisations, Minor Ailments",,,pending
Malamulele Clinic,Limpopo,Vhembe,Malamulele,Malamulele,,to_verify,Clinic,"Primary Healthcare, Chronic Medication, Maternal & Child Health, Family Planning, HIV Testing & Treatment, TB Treatment, Immunisations, Minor Ailments",,,pending
Giyani Clinic,Limpopo,Mopani,Giyani,CBD,015 812 2000,available,Clinic,"Primary Healthcare, Chronic Medication, Maternal & Child Health, Family Planning, HIV Testing & Treatment, TB Treatment, Immunisations, Minor Ailments",,,pending
Tzaneen Clinic,Limpopo,Mopani,Tzaneen,CBD,015 307 2000,available,Clinic,"Primary Healthcare, Chronic Medication, Maternal & Child Health, Family Planning, HIV Testing & Treatment, TB Treatment, Immunisations, Minor Ailments",,,pending
Phalaborwa Clinic,Limpopo,Mopani,Phalaborwa,CBD,015 780 2000,available,Clinic,"Primary Healthcare, Chronic Medication, Maternal & Child Health, Family Planning, HIV Testing & Treatment, TB Treatment, Immunisations, Minor Ailments",,,pending
Lenyenye Clinic,Limpopo,Mopani,Lenyenye,Lenyenye,,to_verify,Clinic,"Primary Healthcare, Chronic Medication, Maternal & Child Health, Family Planning, HIV Testing & Treatment, TB Treatment, Immunisations, Minor Ailments",,,pending
Nkowankowa Clinic,Limpopo,Mopani,Nkowankowa,Nkowankowa,,to_verify,Clinic,"Primary Healthcare, Chronic Medication, Maternal & Child Health, Family Planning, HIV Testing & Treatment, TB Treatment, Immunisations, Minor Ailments",,,pending
Hoedspruit Clinic,Limpopo,Mopani,Hoedspruit,Hoedspruit,,to_verify,Clinic,"Primary Healthcare, Chronic Medication, Maternal & Child Health, Family Planning, HIV Testing & Treatment, TB Treatment, Immunisations, Minor Ailments",,,pending
Maruleng Clinic,Limpopo,Mopani,Maruleng,Maruleng,,to_verify,Clinic,"Primary Healthcare, Chronic Medication, Maternal & Child Health, Family Planning, HIV Testing & Treatment, TB Treatment, Immunisations, Minor Ailments",,,pending
Ba-Phalaborwa Clinic,Limpopo,Mopani,Phalaborwa,Namakgale,,to_verify,Clinic,"Primary Healthcare, Chronic Medication, Maternal & Child Health, Family Planning, HIV Testing & Treatment, TB Treatment, Immunisations, Minor Ailments",,,pending
Polokwane CHC,Limpopo,Capricorn,Polokwane,CBD,015 290 2000,available,CHC,"Primary Healthcare, Chronic Medication, Maternal & Child Health, Family Planning, HIV Testing & Treatment, TB Treatment, Immunisations, Minor Ailments",,,pending
Seshego Clinic,Limpopo,Capricorn,Polokwane,Seshego,015 223 2000,available,Clinic,"Primary Healthcare, Chronic Medication, Maternal & Child Health, Family Planning, HIV Testing & Treatment, TB Treatment, Immunisations, Minor Ailments",,,pending
Mankweng Clinic,Limpopo,Capricorn,Mankweng,Mankweng,015 268 2000,available,Clinic,"Primary Healthcare, Chronic Medication, Maternal & Child Health, Family Planning, HIV Testing & Treatment, TB Treatment, Immunisations, Minor Ailments",,,pending
Ga-Molepo Clinic,Limpopo,Capricorn,Ga-Molepo,Ga-Molepo,,to_verify,Clinic,"Primary Healthcare, Chronic Medication, Maternal & Child Health, Family Planning, HIV Testing & Treatment, TB Treatment, Immunisations, Minor Ailments",,,pending
Rethabile CHC,Limpopo,Capricorn,Lebowakgomo,Rethabile,,to_verify,CHC,"Primary Healthcare, Chronic Medication, Maternal & Child Health, Family Planning, HIV Testing & Treatment, TB Treatment, Immunisations, Minor Ailments",,,pending
Lebowakgomo Clinic,Limpopo,Capricorn,Lebowakgomo,CBD,015 633 2000,available,Clinic,"Primary Healthcare, Chronic Medication, Maternal & Child Health, Family Planning, HIV Testing & Treatment, TB Treatment, Immunisations, Minor Ailments",,,pending
Chuene Clinic,Limpopo,Capricorn,Chuene,Chuene,,to_verify,Clinic,"Primary Healthcare, Chronic Medication, Maternal & Child Health, Family Planning, HIV Testing & Treatment, TB Treatment, Immunisations, Minor Ailments",,,pending
Moletji Clinic,Limpopo,Capricorn,Moletji,Moletji,,to_verify,Clinic,"Primary Healthcare, Chronic Medication, Maternal & Child Health, Family Planning, HIV Testing & Treatment, TB Treatment, Immunisations, Minor Ailments",,,pending
Seobi Dikgale Clinic,Limpopo,Capricorn,Dikgale,Dikgale,,to_verify,Clinic,"Primary Healthcare, Chronic Medication, Maternal & Child Health, Family Planning, HIV Testing & Treatment, TB Treatment, Immunisations, Minor Ailments",,,pending
J Mamabolo Clinic,Limpopo,Capricorn,Mamabolo,Mamabolo,,to_verify,Clinic,"Primary Healthcare, Chronic Medication, Maternal & Child Health, Family Planning, HIV Testing & Treatment, TB Treatment, Immunisations, Minor Ailments",,,pending
Bokamoso CHC,Limpopo,Capricorn,Molepolole,Bokamoso,,to_verify,CHC,"Primary Healthcare, Chronic Medication, Maternal & Child Health, Family Planning, HIV Testing & Treatment, TB Treatment, Immunisations, Minor Ailments",,,pending
Mokopane Clinic,Limpopo,Waterberg,Mokopane,CBD,015 491 2000,available,Clinic,"Primary Healthcare, Chronic Medication, Maternal & Child Health, Family Planning, HIV Testing & Treatment, TB Treatment, Immunisations, Minor Ailments",,,pending
Mahwelereng Clinic,Limpopo,Waterberg,Mahwelereng,Mahwelereng,015 483 2000,available,Clinic,"Primary Healthcare, Chronic Medication, Maternal & Child Health, Family Planning, HIV Testing & Treatment, TB Treatment, Immunisations, Minor Ailments",,,pending
Bela-Bela Clinic,Limpopo,Waterberg,Bela-Bela,CBD,014 736 2000,available,Clinic,"Primary Healthcare, Chronic Medication, Maternal & Child Health, Family Planning, HIV Testing & Treatment, TB Treatment, Immunisations, Minor Ailments",,,pending
Modimolle Clinic,Limpopo,Waterberg,Modimolle,CBD,014 717 2000,available,Clinic,"Primary Healthcare, Chronic Medication, Maternal & Child Health, Family Planning, HIV Testing & Treatment, TB Treatment, Immunisations, Minor Ailments",,,pending
Thabazimbi Clinic,Limpopo,Waterberg,Thabazimbi,CBD,014 777 2000,available,Clinic,"Primary Healthcare, Chronic Medication, Maternal & Child Health, Family Planning, HIV Testing & Treatment, TB Treatment, Immunisations, Minor Ailments",,,pending
Lephalale Clinic,Limpopo,Waterberg,Lephalale,CBD,014 763 2000,available,Clinic,"Primary Healthcare, Chronic Medication, Maternal & Child Health, Family Planning, HIV Testing & Treatment, TB Treatment, Immunisations, Minor Ailments",,,pending
Alma Clinic,Limpopo,Waterberg,Alma,Alma,,to_verify,Clinic,"Primary Healthcare, Chronic Medication, Maternal & Child Health, Family Planning, HIV Testing & Treatment, TB Treatment, Immunisations, Minor Ailments",,,pending
Bavaria Clinic,Limpopo,Waterberg,Bavaria,Bavaria,,to_verify,Clinic,"Primary Healthcare, Chronic Medication, Maternal & Child Health, Family Planning, HIV Testing & Treatment, TB Treatment, Immunisations, Minor Ailments",,,pending
Roedtan Clinic,Limpopo,Waterberg,Roedtan,Roedtan,,to_verify,Clinic,"Primary Healthcare, Chronic Medication, Maternal & Child Health, Family Planning, HIV Testing & Treatment, TB Treatment, Immunisations, Minor Ailments",,,pending
Tolwe Clinic,Limpopo,Waterberg,Tolwe,Tolwe,,to_verify,Clinic,"Primary Healthcare, Chronic Medication, Maternal & Child Health, Family Planning, HIV Testing & Treatment, TB Treatment, Immunisations, Minor Ailments",,,pending
Marken Clinic,Limpopo,Waterberg,Marken,Marken,,to_verify,Clinic,"Primary Healthcare, Chronic Medication, Maternal & Child Health, Family Planning, HIV Testing & Treatment, TB Treatment, Immunisations, Minor Ailments",,,pending
Mookgophong Clinic,Limpopo,Waterberg,Mookgophong,Mookgophong,,to_verify,Clinic,"Primary Healthcare, Chronic Medication, Maternal & Child Health, Family Planning, HIV Testing & Treatment, TB Treatment, Immunisations, Minor Ailments",,,pending
Jane Furse Clinic,Limpopo,Sekhukhune,Jane Furse,Jane Furse,013 265 1000,available,Clinic,"Primary Healthcare, Chronic Medication, Maternal & Child Health, Family Planning, HIV Testing & Treatment, TB Treatment, Immunisations, Minor Ailments",,,pending
Groblersdal Clinic,Limpopo,Sekhukhune,Groblersdal,CBD,013 262 2000,available,Clinic,"Primary Healthcare, Chronic Medication, Maternal & Child Health, Family Planning, HIV Testing & Treatment, TB Treatment, Immunisations, Minor Ailments",,,pending
Burgersfort Clinic,Limpopo,Sekhukhune,Burgersfort,CBD,013 231 7000,available,Clinic,"Primary Healthcare, Chronic Medication, Maternal & Child Health, Family Planning, HIV Testing & Treatment, TB Treatment, Immunisations, Minor Ailments",,,pending
Motetema Clinic,Limpopo,Sekhukhune,Motetema,Motetema,,to_verify,Clinic,"Primary Healthcare, Chronic Medication, Maternal & Child Health, Family Planning, HIV Testing & Treatment, TB Treatment, Immunisations, Minor Ailments",,,pending
Marble Hall Clinic,Limpopo,Sekhukhune,Marble Hall,CBD,,to_verify,Clinic,"Primary Healthcare, Chronic Medication, Maternal & Child Health, Family Planning, HIV Testing & Treatment, TB Treatment, Immunisations, Minor Ailments",,,pending
Dennilton Clinic,Limpopo,Sekhukhune,Dennilton,Dennilton,,to_verify,Clinic,"Primary Healthcare, Chronic Medication, Maternal & Child Health, Family Planning, HIV Testing & Treatment, TB Treatment, Immunisations, Minor Ailments",,,pending
Zaaiplaas Clinic,Limpopo,Sekhukhune,Zaaiplaas,Zaaiplaas,,to_verify,Clinic,"Primary Healthcare, Chronic Medication, Maternal & Child Health, Family Planning, HIV Testing & Treatment, TB Treatment, Immunisations, Minor Ailments",,,pending
Ohrigstad Clinic,Limpopo,Sekhukhune,Ohrigstad,Ohrigstad,,to_verify,Clinic,"Primary Healthcare, Chronic Medication, Maternal & Child Health, Family Planning, HIV Testing & Treatment, TB Treatment, Immunisations, Minor Ailments",,,pending
Penge Clinic,Limpopo,Sekhukhune,Penge,Penge,,to_verify,Clinic,"Primary Healthcare, Chronic Medication, Maternal & Child Health, Family Planning, HIV Testing & Treatment, TB Treatment, Immunisations, Minor Ailments",,,pending
Nelspruit Clinic,Mpumalanga,Ehlanzeni,Mbombela,Riverside,013 766 8800,available,Clinic,"Primary Healthcare, Chronic Medication, Maternal & Child Health, Family Planning, HIV Testing & Treatment, TB Treatment, Immunisations, Minor Ailments",,,pending
Nkwalini Clinic,Mpumalanga,Ehlanzeni,Mbombela,Matsulu,,to_verify,Clinic,"Primary Healthcare, Chronic Medication, Maternal & Child Health, Family Planning, HIV Testing & Treatment, TB Treatment, Immunisations, Minor Ailments",,,pending
Phola-Nzikasi Clinic,Mpumalanga,Ehlanzeni,Mbombela,Phola,,to_verify,Clinic,"Primary Healthcare, Chronic Medication, Maternal & Child Health, Family Planning, HIV Testing & Treatment, TB Treatment, Immunisations, Minor Ailments",,,pending
Kanyamazane Clinic,Mpumalanga,Ehlanzeni,Mbombela,Kanyamazane,,to_verify,Clinic,"Primary Healthcare, Chronic Medication, Maternal & Child Health, Family Planning, HIV Testing & Treatment, TB Treatment, Immunisations, Minor Ailments",,,pending
Pienaar Clinic,Mpumalanga,Ehlanzeni,Pienaar,Pienaar,,to_verify,Clinic,"Primary Healthcare, Chronic Medication, Maternal & Child Health, Family Planning, HIV Testing & Treatment, TB Treatment, Immunisations, Minor Ailments",,,pending
White River Clinic,Mpumalanga,Ehlanzeni,White River,CBD,013 751 1000,available,Clinic,"Primary Healthcare, Chronic Medication, Maternal & Child Health, Family Planning, HIV Testing & Treatment, TB Treatment, Immunisations, Minor Ailments",,,pending
Hazyview Clinic,Mpumalanga,Ehlanzeni,Hazyview,Hazyview,,to_verify,Clinic,"Primary Healthcare, Chronic Medication, Maternal & Child Health, Family Planning, HIV Testing & Treatment, TB Treatment, Immunisations, Minor Ailments",,,pending
Sabie Clinic,Mpumalanga,Ehlanzeni,Sabie,Sabie,,to_verify,Clinic,"Primary Healthcare, Chronic Medication, Maternal & Child Health, Family Planning, HIV Testing & Treatment, TB Treatment, Immunisations, Minor Ailments",,,pending
Graskop Clinic,Mpumalanga,Ehlanzeni,Graskop,Graskop,,to_verify,Clinic,"Primary Healthcare, Chronic Medication, Maternal & Child Health, Family Planning, HIV Testing & Treatment, TB Treatment, Immunisations, Minor Ailments",,,pending
Pilgrim's Rest Clinic,Mpumalanga,Ehlanzeni,Pilgrim's Rest,Pilgrim's Rest,,to_verify,Clinic,"Primary Healthcare, Chronic Medication, Maternal & Child Health, Family Planning, HIV Testing & Treatment, TB Treatment, Immunisations, Minor Ailments",,,pending
Barberton Clinic,Mpumalanga,Ehlanzeni,Barberton,CBD,013 712 2000,available,Clinic,"Primary Healthcare, Chronic Medication, Maternal & Child Health, Family Planning, HIV Testing & Treatment, TB Treatment, Immunisations, Minor Ailments",,,pending
Matsulu Clinic,Mpumalanga,Ehlanzeni,Matsulu,Matsulu,,to_verify,Clinic,"Primary Healthcare, Chronic Medication, Maternal & Child Health, Family Planning, HIV Testing & Treatment, TB Treatment, Immunisations, Minor Ailments",,,pending
Malelane Clinic,Mpumalanga,Ehlanzeni,Malelane,CBD,013 790 1000,available,Clinic,"Primary Healthcare, Chronic Medication, Maternal & Child Health, Family Planning, HIV Testing & Treatment, TB Treatment, Immunisations, Minor Ailments",,,pending
Komatipoort Clinic,Mpumalanga,Ehlanzeni,Komatipoort,CBD,013 793 7000,available,Clinic,"Primary Healthcare, Chronic Medication, Maternal & Child Health, Family Planning, HIV Testing & Treatment, TB Treatment, Immunisations, Minor Ailments",,,pending
Tonga Clinic,Mpumalanga,Ehlanzeni,Tonga,Tonga,,to_verify,Clinic,"Primary Healthcare, Chronic Medication, Maternal & Child Health, Family Planning, HIV Testing & Treatment, TB Treatment, Immunisations, Minor Ailments",,,pending
Nkomazi Clinic,Mpumalanga,Ehlanzeni,Nkomazi,Nkomazi,,to_verify,Clinic,"Primary Healthcare, Chronic Medication, Maternal & Child Health, Family Planning, HIV Testing & Treatment, TB Treatment, Immunisations, Minor Ailments",,,pending
Langloop Clinic,Mpumalanga,Ehlanzeni,Esidzakaneni,Langloop,,to_verify,Clinic,"Primary Healthcare, Chronic Medication, Maternal & Child Health, Family Planning, HIV Testing & Treatment, TB Treatment, Immunisations, Minor Ailments",,,pending
Mangweni Clinic,Mpumalanga,Ehlanzeni,Mangweni,Mangweni,,to_verify,Clinic,"Primary Healthcare, Chronic Medication, Maternal & Child Health, Family Planning, HIV Testing & Treatment, TB Treatment, Immunisations, Minor Ailments",,,pending
Agincourt CHC,Mpumalanga,Ehlanzeni,Agincourt,Agincourt,,to_verify,CHC,"Primary Healthcare, Chronic Medication, Maternal & Child Health, Family Planning, HIV Testing & Treatment, TB Treatment, Immunisations, Minor Ailments",,,pending
Arthurseat Clinic,Mpumalanga,Ehlanzeni,Arthurseat,Arthurseat,,to_verify,Clinic,"Primary Healthcare, Chronic Medication, Maternal & Child Health, Family Planning, HIV Testing & Treatment, TB Treatment, Immunisations, Minor Ailments",,,pending
Bushbuckridge Clinic,Mpumalanga,Ehlanzeni,Bushbuckridge,CBD,013 799 2000,available,Clinic,"Primary Healthcare, Chronic Medication, Maternal & Child Health, Family Planning, HIV Testing & Treatment, TB Treatment, Immunisations, Minor Ailments",,,pending
Acornhoek Clinic,Mpumalanga,Ehlanzeni,Acornhoek,Acornhoek,013 795 2000,available,Clinic,"Primary Healthcare, Chronic Medication, Maternal & Child Health, Family Planning, HIV Testing & Treatment, TB Treatment, Immunisations, Minor Ailments",,,pending
Thulamahashe Clinic,Mpumalanga,Ehlanzeni,Thulamahashe,Thulamahashe,,to_verify,Clinic,"Primary Healthcare, Chronic Medication, Maternal & Child Health, Family Planning, HIV Testing & Treatment, TB Treatment, Immunisations, Minor Ailments",,,pending
Dwarsloop Clinic,Mpumalanga,Ehlanzeni,Dwarsloop,Dwarsloop,,to_verify,Clinic,"Primary Healthcare, Chronic Medication, Maternal & Child Health, Family Planning, HIV Testing & Treatment, TB Treatment, Immunisations, Minor Ailments",,,pending
Mkhuhlu Clinic,Mpumalanga,Ehlanzeni,Mkhuhlu,Mkhuhlu,,to_verify,Clinic,"Primary Healthcare, Chronic Medication, Maternal & Child Health, Family Planning, HIV Testing & Treatment, TB Treatment, Immunisations, Minor Ailments",,,pending
Lillydale Clinic,Mpumalanga,Ehlanzeni,Lillydale,Lillydale,,to_verify,Clinic,"Primary Healthcare, Chronic Medication, Maternal & Child Health, Family Planning, HIV Testing & Treatment, TB Treatment, Immunisations, Minor Ailments",,,pending
Bethal Clinic,Mpumalanga,Gert Sibande,Bethal,CBD,017 647 2000,available,Clinic,"Primary Healthcare, Chronic Medication, Maternal & Child Health, Family Planning, HIV Testing & Treatment, TB Treatment, Immunisations, Minor Ailments",,,pending
Embalenhle Clinic,Mpumalanga,Gert Sibande,Embalenhle,Embalenhle,017 685 4080,available,Clinic,"Primary Healthcare, Chronic Medication, Maternal & Child Health, Family Planning, HIV Testing & Treatment, TB Treatment, Immunisations, Minor Ailments",,,pending
Emzinoni Clinic,Mpumalanga,Gert Sibande,Bethal,Emzinoni,,to_verify,Clinic,"Primary Healthcare, Chronic Medication, Maternal & Child Health, Family Planning, HIV Testing & Treatment, TB Treatment, Immunisations, Minor Ailments",,,pending
Secunda Clinic,Mpumalanga,Gert Sibande,Secunda,CBD,017 631 2000,available,Clinic,"Primary Healthcare, Chronic Medication, Maternal & Child Health, Family Planning, HIV Testing & Treatment, TB Treatment, Immunisations, Minor Ailments",,,pending
Evander Clinic,Mpumalanga,Gert Sibande,Evander,Evander,,to_verify,Clinic,"Primary Healthcare, Chronic Medication, Maternal & Child Health, Family Planning, HIV Testing & Treatment, TB Treatment, Immunisations, Minor Ailments",,,pending
Standerton Clinic,Mpumalanga,Gert Sibande,Standerton,CBD,017 712 2000,available,Clinic,"Primary Healthcare, Chronic Medication, Maternal & Child Health, Family Planning, HIV Testing & Treatment, TB Treatment, Immunisations, Minor Ailments",,,pending
Sakhile Clinic,Mpumalanga,Gert Sibande,Standerton,Sakhile,,to_verify,Clinic,"Primary Healthcare, Chronic Medication, Maternal & Child Health, Family Planning, HIV Testing & Treatment, TB Treatment, Immunisations, Minor Ailments",,,pending
Ermelo Clinic,Mpumalanga,Gert Sibande,Ermelo,CBD,017 819 2000,available,Clinic,"Primary Healthcare, Chronic Medication, Maternal & Child Health, Family Planning, HIV Testing & Treatment, TB Treatment, Immunisations, Minor Ailments",,,pending
Wesselton Clinic,Mpumalanga,Gert Sibande,Ermelo,Wesselton,,to_verify,Clinic,"Primary Healthcare, Chronic Medication, Maternal & Child Health, Family Planning, HIV Testing & Treatment, TB Treatment, Immunisations, Minor Ailments",,,pending
Piet Retief Clinic,Mpumalanga,Gert Sibande,Piet Retief,CBD,017 826 2000,available,Clinic,"Primary Healthcare, Chronic Medication, Maternal & Child Health, Family Planning, HIV Testing & Treatment, TB Treatment, Immunisations, Minor Ailments",,,pending
Driefontein Clinic,Mpumalanga,Gert Sibande,Driefontein,Driefontein,,to_verify,Clinic,"Primary Healthcare, Chronic Medication, Maternal & Child Health, Family Planning, HIV Testing & Treatment, TB Treatment, Immunisations, Minor Ailments",,,pending
Volksrust Clinic,Mpumalanga,Gert Sibande,Volksrust,CBD,017 741 2000,available,Clinic,"Primary Healthcare, Chronic Medication, Maternal & Child Health, Family Planning, HIV Testing & Treatment, TB Treatment, Immunisations, Minor Ailments",,,pending
Amsterdam CHC,Mpumalanga,Gert Sibande,Amsterdam,Amsterdam,,to_verify,CHC,"Primary Healthcare, Chronic Medication, Maternal & Child Health, Family Planning, HIV Testing & Treatment, TB Treatment, Immunisations, Minor Ailments",,,pending
Davel Clinic,Mpumalanga,Gert Sibande,Davel,Davel,,to_verify,Clinic,"Primary Healthcare, Chronic Medication, Maternal & Child Health, Family Planning, HIV Testing & Treatment, TB Treatment, Immunisations, Minor Ailments",,,pending
Breyten Clinic,Mpumalanga,Gert Sibande,Breyten,Breyten,,to_verify,Clinic,"Primary Healthcare, Chronic Medication, Maternal & Child Health, Family Planning, HIV Testing & Treatment, TB Treatment, Immunisations, Minor Ailments",,,pending
Carolina Clinic,Mpumalanga,Gert Sibande,Carolina,Carolina,,to_verify,Clinic,"Primary Healthcare, Chronic Medication, Maternal & Child Health, Family Planning, HIV Testing & Treatment, TB Treatment, Immunisations, Minor Ailments",,,pending
Witbank Clinic,Mpumalanga,Nkangala,eMalahleni,CBD,,to_verify,Clinic,"Primary Healthcare, Chronic Medication, Maternal & Child Health, Family Planning, HIV Testing & Treatment, TB Treatment, Immunisations, Minor Ailments",,,pending
Phola CHC,Mpumalanga,Nkangala,eMalahleni,Phola,,to_verify,CHC,"Primary Healthcare, Chronic Medication, Maternal & Child Health, Family Planning, HIV Testing & Treatment, TB Treatment, Immunisations, Minor Ailments",,,pending
KwaGuqa Clinic,Mpumalanga,Nkangala,eMalahleni,KwaGuqa,,to_verify,Clinic,"Primary Healthcare, Chronic Medication, Maternal & Child Health, Family Planning, HIV Testing & Treatment, TB Treatment, Immunisations, Minor Ailments",,,pending
Middelburg Clinic,Mpumalanga,Nkangala,Middelburg,CBD,013 249 2000,available,Clinic,"Primary Healthcare, Chronic Medication, Maternal & Child Health, Family Planning, HIV Testing & Treatment, TB Treatment, Immunisations, Minor Ailments",,,pending
Mhluzi Clinic,Mpumalanga,Nkangala,Middelburg,Mhluzi,,to_verify,Clinic,"Primary Healthcare, Chronic Medication, Maternal & Child Health, Family Planning, HIV Testing & Treatment, TB Treatment, Immunisations, Minor Ailments",,,pending
Hendrina Clinic,Mpumalanga,Nkangala,Hendrina,Hendrina,,to_verify,Clinic,"Primary Healthcare, Chronic Medication, Maternal & Child Health, Family Planning, HIV Testing & Treatment, TB Treatment, Immunisations, Minor Ailments",,,pending
Delmas Clinic,Mpumalanga,Nkangala,Delmas,CBD,013 665 2000,available,Clinic,"Primary Healthcare, Chronic Medication, Maternal & Child Health, Family Planning, HIV Testing & Treatment, TB Treatment, Immunisations, Minor Ailments",,,pending
Belfast Clinic,Mpumalanga,Nkangala,Belfast,Belfast,013 253 1000,available,Clinic,"Primary Healthcare, Chronic Medication, Maternal & Child Health, Family Planning, HIV Testing & Treatment, TB Treatment, Immunisations, Minor Ailments",,,pending
Dullstroom Clinic,Mpumalanga,Nkangala,Dullstroom,Dullstroom,,to_verify,Clinic,"Primary Healthcare, Chronic Medication, Maternal & Child Health, Family Planning, HIV Testing & Treatment, TB Treatment, Immunisations, Minor Ailments",,,pending
Waterval Boven Clinic,Mpumalanga,Nkangala,Waterval Boven,Waterval Boven,,to_verify,Clinic,"Primary Healthcare, Chronic Medication, Maternal & Child Health, Family Planning, HIV Testing & Treatment, TB Treatment, Immunisations, Minor Ailments",,,pending
Bafokeng CHC,North West,Bojanala,Rustenburg,Bafokeng,014 566 2000,available,CHC,"Primary Healthcare, Chronic Medication, Maternal & Child Health, Family Planning, HIV Testing & Treatment, TB Treatment, Immunisations, Minor Ailments",,,pending
Bapong CHC,North West,Bojanala,Bapong,Bapong,,to_verify,CHC,"Primary Healthcare, Chronic Medication, Maternal & Child Health, Family Planning, HIV Testing & Treatment, TB Treatment, Immunisations, Minor Ailments",,,pending
Boitekong CHC,North West,Bojanala,Rustenburg,Boitekong,014 592 2000,available,CHC,"Primary Healthcare, Chronic Medication, Maternal & Child Health, Family Planning, HIV Testing & Treatment, TB Treatment, Immunisations, Minor Ailments",,,pending
Tlhabane CHC,North West,Bojanala,Rustenburg,Tlhabane,014 592 3000,available,CHC,"Primary Healthcare, Chronic Medication, Maternal & Child Health, Family Planning, HIV Testing & Treatment, TB Treatment, Immunisations, Minor Ailments",,,pending
Bethanie Clinic,North West,Bojanala,Bethanie,Bethanie,,to_verify,Clinic,"Primary Healthcare, Chronic Medication, Maternal & Child Health, Family Planning, HIV Testing & Treatment, TB Treatment, Immunisations, Minor Ailments",,,pending
Chaneng Clinic,North West,Bojanala,Chaneng,Chaneng,,to_verify,Clinic,"Primary Healthcare, Chronic Medication, Maternal & Child Health, Family Planning, HIV Testing & Treatment, TB Treatment, Immunisations, Minor Ailments",,,pending
Freedom Park Clinic,North West,Bojanala,Rustenburg,Freedom Park,,to_verify,Clinic,"Primary Healthcare, Chronic Medication, Maternal & Child Health, Family Planning, HIV Testing & Treatment, TB Treatment, Immunisations, Minor Ailments",,,pending
Marikana Clinic,North West,Bojanala,Marikana,Marikana,,to_verify,Clinic,"Primary Healthcare, Chronic Medication, Maternal & Child Health, Family Planning, HIV Testing & Treatment, TB Treatment, Immunisations, Minor Ailments",,,pending
Rustenburg Clinic,North West,Bojanala,Rustenburg,CBD,014 590 2000,available,Clinic,"Primary Healthcare, Chronic Medication, Maternal & Child Health, Family Planning, HIV Testing & Treatment, TB Treatment, Immunisations, Minor Ailments",,,pending
Phokeng Clinic,North West,Bojanala,Phokeng,Phokeng,014 566 1000,available,Clinic,"Primary Healthcare, Chronic Medication, Maternal & Child Health, Family Planning, HIV Testing & Treatment, TB Treatment, Immunisations, Minor Ailments",,,pending
Mogwase Clinic,North West,Bojanala,Mogwase,Mogwase,014 555 1000,available,Clinic,"Primary Healthcare, Chronic Medication, Maternal & Child Health, Family Planning, HIV Testing & Treatment, TB Treatment, Immunisations, Minor Ailments",,,pending
Thabazimbi Clinic,North West,Bojanala,Thabazimbi,Thabazimbi,014 777 2000,available,Clinic,"Primary Healthcare, Chronic Medication, Maternal & Child Health, Family Planning, HIV Testing & Treatment, TB Treatment, Immunisations, Minor Ailments",,,pending
Brits Clinic,North West,Bojanala,Brits,CBD,012 381 2000,available,Clinic,"Primary Healthcare, Chronic Medication, Maternal & Child Health, Family Planning, HIV Testing & Treatment, TB Treatment, Immunisations, Minor Ailments",,,pending
Odi Clinic,North West,Bojanala,Odi,Odi,,to_verify,Clinic,"Primary Healthcare, Chronic Medication, Maternal & Child Health, Family Planning, HIV Testing & Treatment, TB Treatment, Immunisations, Minor Ailments",,,pending
Mothutlung Clinic,North West,Bojanala,Mothutlung,Mothutlung,,to_verify,Clinic,"Primary Healthcare, Chronic Medication, Maternal & Child Health, Family Planning, HIV Testing & Treatment, TB Treatment, Immunisations, Minor Ailments",,,pending
Jericho Clinic,North West,Bojanala,Jericho,Jericho,,to_verify,Clinic,"Primary Healthcare, Chronic Medication, Maternal & Child Health, Family Planning, HIV Testing & Treatment, TB Treatment, Immunisations, Minor Ailments",,,pending
Letlhabile Clinic,North West,Bojanala,Letlhabile,Letlhabile,,to_verify,Clinic,"Primary Healthcare, Chronic Medication, Maternal & Child Health, Family Planning, HIV Testing & Treatment, TB Treatment, Immunisations, Minor Ailments",,,pending
Mooinooi Clinic,North West,Bojanala,Mooinooi,Mooinooi,,to_verify,Clinic,"Primary Healthcare, Chronic Medication, Maternal & Child Health, Family Planning, HIV Testing & Treatment, TB Treatment, Immunisations, Minor Ailments",,,pending
Atamelang CHC,North West,Ngaka Modiri Molema,Atamelang,Atamelang,,to_verify,CHC,"Primary Healthcare, Chronic Medication, Maternal & Child Health, Family Planning, HIV Testing & Treatment, TB Treatment, Immunisations, Minor Ailments",,,pending
Borakalalo CHC,North West,Ngaka Modiri Molema,Borakalalo,Borakalalo,,to_verify,CHC,"Primary Healthcare, Chronic Medication, Maternal & Child Health, Family Planning, HIV Testing & Treatment, TB Treatment, Immunisations, Minor Ailments",,,pending
Coligny CHC,North West,Ngaka Modiri Molema,Coligny,Coligny,,to_verify,CHC,"Primary Healthcare, Chronic Medication, Maternal & Child Health, Family Planning, HIV Testing & Treatment, TB Treatment, Immunisations, Minor Ailments",,,pending
Delareyville CHC,North West,Ngaka Modiri Molema,Delareyville,Delareyville,,to_verify,CHC,"Primary Healthcare, Chronic Medication, Maternal & Child Health, Family Planning, HIV Testing & Treatment, TB Treatment, Immunisations, Minor Ailments",,,pending
Dinokana CHC,North West,Ngaka Modiri Molema,Dinokana,Dinokana,,to_verify,CHC,"Primary Healthcare, Chronic Medication, Maternal & Child Health, Family Planning, HIV Testing & Treatment, TB Treatment, Immunisations, Minor Ailments",,,pending
Mahikeng Clinic,North West,Ngaka Modiri Molema,Mahikeng,CBD,018 381 2000,available,Clinic,"Primary Healthcare, Chronic Medication, Maternal & Child Health, Family Planning, HIV Testing & Treatment, TB Treatment, Immunisations, Minor Ailments",,,pending
Montshioa Clinic,North West,Ngaka Modiri Molema,Mahikeng,Montshioa,018 384 2000,available,Clinic,"Primary Healthcare, Chronic Medication, Maternal & Child Health, Family Planning, HIV Testing & Treatment, TB Treatment, Immunisations, Minor Ailments",,,pending
Lichtenburg Clinic,North West,Ngaka Modiri Molema,Lichtenburg,CBD,018 632 2000,available,Clinic,"Primary Healthcare, Chronic Medication, Maternal & Child Health, Family Planning, HIV Testing & Treatment, TB Treatment, Immunisations, Minor Ailments",,,pending
Zeerust Clinic,North West,Ngaka Modiri Molema,Zeerust,CBD,018 642 2000,available,Clinic,"Primary Healthcare, Chronic Medication, Maternal & Child Health, Family Planning, HIV Testing & Treatment, TB Treatment, Immunisations, Minor Ailments",,,pending
Ottosdal Clinic,North West,Ngaka Modiri Molema,Ottosdal,Ottosdal,,to_verify,Clinic,"Primary Healthcare, Chronic Medication, Maternal & Child Health, Family Planning, HIV Testing & Treatment, TB Treatment, Immunisations, Minor Ailments",,,pending
Sannieshof Clinic,North West,Ngaka Modiri Molema,Sannieshof,Sannieshof,,to_verify,Clinic,"Primary Healthcare, Chronic Medication, Maternal & Child Health, Family Planning, HIV Testing & Treatment, TB Treatment, Immunisations, Minor Ailments",,,pending
Biesiesvlei Clinic,North West,Ngaka Modiri Molema,Biesiesvlei,Biesiesvlei,,to_verify,Clinic,"Primary Healthcare, Chronic Medication, Maternal & Child Health, Family Planning, HIV Testing & Treatment, TB Treatment, Immunisations, Minor Ailments",,,pending
Ganyesa CHC,North West,Dr Ruth Segomotsi Mompati,Ganyesa,Ganyesa,,to_verify,CHC,"Primary Healthcare, Chronic Medication, Maternal & Child Health, Family Planning, HIV Testing & Treatment, TB Treatment, Immunisations, Minor Ailments",,,pending
Huhudi CHC,North West,Dr Ruth Segomotsi Mompati,Vryburg,Huhudi,,to_verify,CHC,"Primary Healthcare, Chronic Medication, Maternal & Child Health, Family Planning, HIV Testing & Treatment, TB Treatment, Immunisations, Minor Ailments",,,pending
Vryburg Clinic,North West,Dr Ruth Segomotsi Mompati,Vryburg,CBD,053 927 2000,available,Clinic,"Primary Healthcare, Chronic Medication, Maternal & Child Health, Family Planning, HIV Testing & Treatment, TB Treatment, Immunisations, Minor Ailments",,,pending
Stella Clinic,North West,Dr Ruth Segomotsi Mompati,Stella,Stella,,to_verify,Clinic,"Primary Healthcare, Chronic Medication, Maternal & Child Health, Family Planning, HIV Testing & Treatment, TB Treatment, Immunisations, Minor Ailments",,,pending
Schweizer-Reneke Clinic,North West,Dr Ruth Segomotsi Mompati,Schweizer-Reneke,CBD,053 963 2000,available,Clinic,"Primary Healthcare, Chronic Medication, Maternal & Child Health, Family Planning, HIV Testing & Treatment, TB Treatment, Immunisations, Minor Ailments",,,pending
Wolmaransstad Clinic,North West,Dr Ruth Segomotsi Mompati,Wolmaransstad,CBD,018 596 2000,available,Clinic,"Primary Healthcare, Chronic Medication, Maternal & Child Health, Family Planning, HIV Testing & Treatment, TB Treatment, Immunisations, Minor Ailments",,,pending
Christiana Clinic,North West,Dr Ruth Segomotsi Mompati,Christiana,Christiana,,to_verify,Clinic,"Primary Healthcare, Chronic Medication, Maternal & Child Health, Family Planning, HIV Testing & Treatment, TB Treatment, Immunisations, Minor Ailments",,,pending
Bloemhof Clinic,North West,Dr Ruth Segomotsi Mompati,Bloemhof,Bloemhof,,to_verify,Clinic,"Primary Healthcare, Chronic Medication, Maternal & Child Health, Family Planning, HIV Testing & Treatment, TB Treatment, Immunisations, Minor Ailments",,,pending
Taung Clinic,North West,Dr Ruth Segomotsi Mompati,Taung,Taung,,to_verify,Clinic,"Primary Healthcare, Chronic Medication, Maternal & Child Health, Family Planning, HIV Testing & Treatment, TB Treatment, Immunisations, Minor Ailments",,,pending
Pudumong Clinic,North West,Dr Ruth Segomotsi Mompati,Pudumong,Pudumong,,to_verify,Clinic,"Primary Healthcare, Chronic Medication, Maternal & Child Health, Family Planning, HIV Testing & Treatment, TB Treatment, Immunisations, Minor Ailments",,,pending
Ipeleng Clinic,North West,Dr Ruth Segomotsi Mompati,Ipeleng,Ipeleng,,to_verify,Clinic,"Primary Healthcare, Chronic Medication, Maternal & Child Health, Family Planning, HIV Testing & Treatment, TB Treatment, Immunisations, Minor Ailments",,,pending
Klerksdorp Clinic,North West,Dr Kenneth Kaunda,Klerksdorp,CBD,018 406 2000,available,Clinic,"Primary Healthcare, Chronic Medication, Maternal & Child Health, Family Planning, HIV Testing & Treatment, TB Treatment, Immunisations, Minor Ailments",,,pending
Jouberton Clinic,North West,Dr Kenneth Kaunda,Klerksdorp,Jouberton,018 406 3000,available,Clinic,"Primary Healthcare, Chronic Medication, Maternal & Child Health, Family Planning, HIV Testing & Treatment, TB Treatment, Immunisations, Minor Ailments",,,pending
Alabama Clinic,North West,Dr Kenneth Kaunda,Klerksdorp,Alabama,,to_verify,Clinic,"Primary Healthcare, Chronic Medication, Maternal & Child Health, Family Planning, HIV Testing & Treatment, TB Treatment, Immunisations, Minor Ailments",,,pending
Potchefstroom Clinic,North West,Dr Kenneth Kaunda,Potchefstroom,CBD,018 293 2000,available,Clinic,"Primary Healthcare, Chronic Medication, Maternal & Child Health, Family Planning, HIV Testing & Treatment, TB Treatment, Immunisations, Minor Ailments",,,pending
Ikageng Clinic,North West,Dr Kenneth Kaunda,Potchefstroom,Ikageng,018 293 3000,available,Clinic,"Primary Healthcare, Chronic Medication, Maternal & Child Health, Family Planning, HIV Testing & Treatment, TB Treatment, Immunisations, Minor Ailments",,,pending
Promosa Clinic,North West,Dr Kenneth Kaunda,Potchefstroom,Promosa,,to_verify,Clinic,"Primary Healthcare, Chronic Medication, Maternal & Child Health, Family Planning, HIV Testing & Treatment, TB Treatment, Immunisations, Minor Ailments",,,pending
Orkney Clinic,North West,Dr Kenneth Kaunda,Orkney,CBD,018 473 2000,available,Clinic,"Primary Healthcare, Chronic Medication, Maternal & Child Health, Family Planning, HIV Testing & Treatment, TB Treatment, Immunisations, Minor Ailments",,,pending
Stilfontein Clinic,North West,Dr Kenneth Kaunda,Stilfontein,CBD,018 484 2000,available,Clinic,"Primary Healthcare, Chronic Medication, Maternal & Child Health, Family Planning, HIV Testing & Treatment, TB Treatment, Immunisations, Minor Ailments",,,pending
Ventersdorp Clinic,North West,Dr Kenneth Kaunda,Ventersdorp,Ventersdorp,,to_verify,Clinic,"Primary Healthcare, Chronic Medication, Maternal & Child Health, Family Planning, HIV Testing & Treatment, TB Treatment, Immunisations, Minor Ailments",,,pending
Fochville Clinic,North West,Dr Kenneth Kaunda,Fochville,Fochville,,to_verify,Clinic,"Primary Healthcare, Chronic Medication, Maternal & Child Health, Family Planning, HIV Testing & Treatment, TB Treatment, Immunisations, Minor Ailments",,,pending
Carletonville Clinic,North West,Dr Kenneth Kaunda,Carletonville,Carletonville,018 787 2000,available,Clinic,"Primary Healthcare, Chronic Medication, Maternal & Child Health, Family Planning, HIV Testing & Treatment, TB Treatment, Immunisations, Minor Ailments",,,pending
Kenhardt CHC,Northern Cape,ZF Mgcawu,Kenhardt,Kenhardt,054 331 2672,available,CHC,"Primary Healthcare, Chronic Medication, Maternal & Child Health, Family Planning, HIV Testing & Treatment, TB Treatment, Immunisations, Minor Ailments",,,pending
Upington Clinic,Northern Cape,ZF Mgcawu,Upington,CBD,054 337 2000,available,Clinic,"Primary Healthcare, Chronic Medication, Maternal & Child Health, Family Planning, HIV Testing & Treatment, TB Treatment, Immunisations, Minor Ailments",,,pending
Paballelo Clinic,Northern Cape,ZF Mgcawu,Upington,Paballelo,054 337 3000,available,Clinic,"Primary Healthcare, Chronic Medication, Maternal & Child Health, Family Planning, HIV Testing & Treatment, TB Treatment, Immunisations, Minor Ailments",,,pending
Rosedale Clinic,Northern Cape,ZF Mgcawu,Upington,Rosedale,041 506 1114,available,Clinic,"Primary Healthcare, Chronic Medication, Maternal & Child Health, Family Planning, HIV Testing & Treatment, TB Treatment, Immunisations, Minor Ailments",,,pending
Kakamas Clinic,Northern Cape,ZF Mgcawu,Kakamas,Kakamas,054 431 1000,available,Clinic,"Primary Healthcare, Chronic Medication, Maternal & Child Health, Family Planning, HIV Testing & Treatment, TB Treatment, Immunisations, Minor Ailments",,,pending
Keimoes Clinic,Northern Cape,ZF Mgcawu,Keimoes,Keimoes,054 461 1000,available,Clinic,"Primary Healthcare, Chronic Medication, Maternal & Child Health, Family Planning, HIV Testing & Treatment, TB Treatment, Immunisations, Minor Ailments",,,pending
Groblershoop Clinic,Northern Cape,ZF Mgcawu,Groblershoop,Groblershoop,,to_verify,Clinic,"Primary Healthcare, Chronic Medication, Maternal & Child Health, Family Planning, HIV Testing & Treatment, TB Treatment, Immunisations, Minor Ailments",,,pending
Postmasburg Clinic,Northern Cape,ZF Mgcawu,Postmasburg,Postmasburg,053 313 1000,available,Clinic,"Primary Healthcare, Chronic Medication, Maternal & Child Health, Family Planning, HIV Testing & Treatment, TB Treatment, Immunisations, Minor Ailments",,,pending
Olifantshoek Clinic,Northern Cape,ZF Mgcawu,Olifantshoek,Olifantshoek,,to_verify,Clinic,"Primary Healthcare, Chronic Medication, Maternal & Child Health, Family Planning, HIV Testing & Treatment, TB Treatment, Immunisations, Minor Ailments",,,pending
Kathu Clinic,Northern Cape,John Taolo Gaetsewe,Kathu,Kathu,053 723 2000,available,Clinic,"Primary Healthcare, Chronic Medication, Maternal & Child Health, Family Planning, HIV Testing & Treatment, TB Treatment, Immunisations, Minor Ailments",,,pending
Kuruman Clinic,Northern Cape,John Taolo Gaetsewe,Kuruman,CBD,053 712 2000,available,Clinic,"Primary Healthcare, Chronic Medication, Maternal & Child Health, Family Planning, HIV Testing & Treatment, TB Treatment, Immunisations, Minor Ailments",,,pending
Mothibistad Clinic,Northern Cape,John Taolo Gaetsewe,Mothibistad,Mothibistad,053 712 3000,available,Clinic,"Primary Healthcare, Chronic Medication, Maternal & Child Health, Family Planning, HIV Testing & Treatment, TB Treatment, Immunisations, Minor Ailments",,,pending
Deben Clinic,Northern Cape,John Taolo Gaetsewe,Deben,Deben,,to_verify,Clinic,"Primary Healthcare, Chronic Medication, Maternal & Child Health, Family Planning, HIV Testing & Treatment, TB Treatment, Immunisations, Minor Ailments",,,pending
Deorham Clinic,Northern Cape,John Taolo Gaetsewe,Deorham,Deorham,,to_verify,Clinic,"Primary Healthcare, Chronic Medication, Maternal & Child Health, Family Planning, HIV Testing & Treatment, TB Treatment, Immunisations, Minor Ailments",,,pending
Blackrock Clinic,Northern Cape,John Taolo Gaetsewe,Blackrock,Blackrock,,to_verify,Clinic,"Primary Healthcare, Chronic Medication, Maternal & Child Health, Family Planning, HIV Testing & Treatment, TB Treatment, Immunisations, Minor Ailments",,,pending
Kimberley CHC,Northern Cape,Frances Baard,Kimberley,CBD,053 830 2000,available,CHC,"Primary Healthcare, Chronic Medication, Maternal & Child Health, Family Planning, HIV Testing & Treatment, TB Treatment, Immunisations, Minor Ailments",,,pending
Galeshewe Clinic,Northern Cape,Frances Baard,Kimberley,Galeshewe,053 830 3000,available,Clinic,"Primary Healthcare, Chronic Medication, Maternal & Child Health, Family Planning, HIV Testing & Treatment, TB Treatment, Immunisations, Minor Ailments",,,pending
Betty Gaetsewe Clinic,Northern Cape,Frances Baard,Kimberley,Galeshewe,,to_verify,Clinic,"Primary Healthcare, Chronic Medication, Maternal & Child Health, Family Planning, HIV Testing & Treatment, TB Treatment, Immunisations, Minor Ailments",,,pending
Florianville Clinic,Northern Cape,Frances Baard,Kimberley,Florianville,053 830 4000,available,Clinic,"Primary Healthcare, Chronic Medication, Maternal & Child Health, Family Planning, HIV Testing & Treatment, TB Treatment, Immunisations, Minor Ailments",,,pending
Greenpoint Clinic,Northern Cape,Frances Baard,Kimberley,Greenpoint,,to_verify,Clinic,"Primary Healthcare, Chronic Medication, Maternal & Child Health, Family Planning, HIV Testing & Treatment, TB Treatment, Immunisations, Minor Ailments",,,pending
Pholong Clinic,Northern Cape,Frances Baard,Pholong,Pholong,,to_verify,Clinic,"Primary Healthcare, Chronic Medication, Maternal & Child Health, Family Planning, HIV Testing & Treatment, TB Treatment, Immunisations, Minor Ailments",,,pending
Ritchie Clinic,Northern Cape,Frances Baard,Ritchie,Ritchie,,to_verify,Clinic,"Primary Healthcare, Chronic Medication, Maternal & Child Health, Family Planning, HIV Testing & Treatment, TB Treatment, Immunisations, Minor Ailments",,,pending
Barkly West Clinic,Northern Cape,Frances Baard,Barkly West,CBD,053 531 1000,available,Clinic,"Primary Healthcare, Chronic Medication, Maternal & Child Health, Family Planning, HIV Testing & Treatment, TB Treatment, Immunisations, Minor Ailments",,,pending
Warrenton Clinic,Northern Cape,Frances Baard,Warrenton,Warrenton,053 497 1000,available,Clinic,"Primary Healthcare, Chronic Medication, Maternal & Child Health, Family Planning, HIV Testing & Treatment, TB Treatment, Immunisations, Minor Ailments",,,pending
Jan Kempdorp Clinic,Northern Cape,Frances Baard,Jan Kempdorp,Jan Kempdorp,,to_verify,Clinic,"Primary Healthcare, Chronic Medication, Maternal & Child Health, Family Planning, HIV Testing & Treatment, TB Treatment, Immunisations, Minor Ailments",,,pending
Hartswater Clinic,Northern Cape,Frances Baard,Hartswater,Hartswater,053 474 1000,available,Clinic,"Primary Healthcare, Chronic Medication, Maternal & Child Health, Family Planning, HIV Testing & Treatment, TB Treatment, Immunisations, Minor Ailments",,,pending
Pampierstad Clinic,Northern Cape,Frances Baard,Pampierstad,Pampierstad,,to_verify,Clinic,"Primary Healthcare, Chronic Medication, Maternal & Child Health, Family Planning, HIV Testing & Treatment, TB Treatment, Immunisations, Minor Ailments",,,pending
Delportshoop Clinic,Northern Cape,Frances Baard,Delportshoop,Delportshoop,,to_verify,Clinic,"Primary Healthcare, Chronic Medication, Maternal & Child Health, Family Planning, HIV Testing & Treatment, TB Treatment, Immunisations, Minor Ailments",,,pending
Windsorton Clinic,Northern Cape,Frances Baard,Windsorton,Windsorton,,to_verify,Clinic,"Primary Healthcare, Chronic Medication, Maternal & Child Health, Family Planning, HIV Testing & Treatment, TB Treatment, Immunisations, Minor Ailments",,,pending
De Aar Clinic,Northern Cape,Pixley ka Seme,De Aar,CBD,053 631 3130,available,Clinic,"Primary Healthcare, Chronic Medication, Maternal & Child Health, Family Planning, HIV Testing & Treatment, TB Treatment, Immunisations, Minor Ailments",,,pending
Colesberg Clinic,Northern Cape,Pixley ka Seme,Colesberg,Colesberg,051 753 0061,available,Clinic,"Primary Healthcare, Chronic Medication, Maternal & Child Health, Family Planning, HIV Testing & Treatment, TB Treatment, Immunisations, Minor Ailments",,,pending
Hanover Clinic,Northern Cape,Pixley ka Seme,Hanover,Hanover,,to_verify,Clinic,"Primary Healthcare, Chronic Medication, Maternal & Child Health, Family Planning, HIV Testing & Treatment, TB Treatment, Immunisations, Minor Ailments",,,pending
Richmond Clinic,Northern Cape,Pixley ka Seme,Richmond,Richmond,033 212 2411,available,Clinic,"Primary Healthcare, Chronic Medication, Maternal & Child Health, Family Planning, HIV Testing & Treatment, TB Treatment, Immunisations, Minor Ailments",,,pending
Victoria West Clinic,Northern Cape,Pixley ka Seme,Victoria West,Victoria West,,to_verify,Clinic,"Primary Healthcare, Chronic Medication, Maternal & Child Health, Family Planning, HIV Testing & Treatment, TB Treatment, Immunisations, Minor Ailments",,,pending
Britstown Clinic,Northern Cape,Pixley ka Seme,Britstown,Britstown,,to_verify,Clinic,"Primary Healthcare, Chronic Medication, Maternal & Child Health, Family Planning, HIV Testing & Treatment, TB Treatment, Immunisations, Minor Ailments",,,pending
Prieska Clinic,Northern Cape,Pixley ka Seme,Prieska,Prieska,053 353 1000,available,Clinic,"Primary Healthcare, Chronic Medication, Maternal & Child Health, Family Planning, HIV Testing & Treatment, TB Treatment, Immunisations, Minor Ailments",,,pending
Marydale Clinic,Northern Cape,Pixley ka Seme,Marydale,Marydale,,to_verify,Clinic,"Primary Healthcare, Chronic Medication, Maternal & Child Health, Family Planning, HIV Testing & Treatment, TB Treatment, Immunisations, Minor Ailments",,,pending
Nieuwoudtville Clinic,Northern Cape,Namakwa,Nieuwoudtville,Nieuwoudtville,,to_verify,Clinic,"Primary Healthcare, Chronic Medication, Maternal & Child Health, Family Planning, HIV Testing & Treatment, TB Treatment, Immunisations, Minor Ailments",,,pending
Calvinia Clinic,Northern Cape,Namakwa,Calvinia,CBD,027 341 1000,available,Clinic,"Primary Healthcare, Chronic Medication, Maternal & Child Health, Family Planning, HIV Testing & Treatment, TB Treatment, Immunisations, Minor Ailments",,,pending
Springbok Clinic,Northern Cape,Namakwa,Springbok,CBD,027 712 1000,available,Clinic,"Primary Healthcare, Chronic Medication, Maternal & Child Health, Family Planning, HIV Testing & Treatment, TB Treatment, Immunisations, Minor Ailments",,,pending
Steinkopf Clinic,Northern Cape,Namakwa,Steinkopf,Steinkopf,,to_verify,Clinic,"Primary Healthcare, Chronic Medication, Maternal & Child Health, Family Planning, HIV Testing & Treatment, TB Treatment, Immunisations, Minor Ailments",,,pending
Kleinzee Clinic,Northern Cape,Namakwa,Kleinzee,Kleinzee,,to_verify,Clinic,"Primary Healthcare, Chronic Medication, Maternal & Child Health, Family Planning, HIV Testing & Treatment, TB Treatment, Immunisations, Minor Ailments",,,pending
Port Nolloth Clinic,Northern Cape,Namakwa,Port Nolloth,Port Nolloth,027 851 1000,available,Clinic,"Primary Healthcare, Chronic Medication, Maternal & Child Health, Family Planning, HIV Testing & Treatment, TB Treatment, Immunisations, Minor Ailments",,,pending
Alexander Bay Clinic,Northern Cape,Namakwa,Alexander Bay,Alexander Bay,,to_verify,Clinic,"Primary Healthcare, Chronic Medication, Maternal & Child Health, Family Planning, HIV Testing & Treatment, TB Treatment, Immunisations, Minor Ailments",,,pending
Garies Clinic,Northern Cape,Namakwa,Garies,Garies,,to_verify,Clinic,"Primary Healthcare, Chronic Medication, Maternal & Child Health, Family Planning, HIV Testing & Treatment, TB Treatment, Immunisations, Minor Ailments",,,pending
Kamieskroon Clinic,Northern Cape,Namakwa,Kamieskroon,Kamieskroon,,to_verify,Clinic,"Primary Healthcare, Chronic Medication, Maternal & Child Health, Family Planning, HIV Testing & Treatment, TB Treatment, Immunisations, Minor Ailments",,,pending
Hondeklipbaai Clinic,Northern Cape,Namakwa,Hondeklipbaai,Hondeklipbaai,,to_verify,Clinic,"Primary Healthcare, Chronic Medication, Maternal & Child Health, Family Planning, HIV Testing & Treatment, TB Treatment, Immunisations, Minor Ailments",,,pending
Fraserburg Clinic,Northern Cape,Namakwa,Fraserburg,Fraserburg,,to_verify,Clinic,"Primary Healthcare, Chronic Medication, Maternal & Child Health, Family Planning, HIV Testing & Treatment, TB Treatment, Immunisations, Minor Ailments",,,pending
Williston Clinic,Northern Cape,Namakwa,Williston,Williston,,to_verify,Clinic,"Primary Healthcare, Chronic Medication, Maternal & Child Health, Family Planning, HIV Testing & Treatment, TB Treatment, Immunisations, Minor Ailments",,,pending
Sutherland Clinic,Northern Cape,Namakwa,Sutherland,Sutherland,023 571 1000,available,Clinic,"Primary Healthcare, Chronic Medication, Maternal & Child Health, Family Planning, HIV Testing & Treatment, TB Treatment, Immunisations, Minor Ailments",,,pending
Loxton Clinic,Northern Cape,Namakwa,Loxton,Loxton,,to_verify,Clinic,"Primary Healthcare, Chronic Medication, Maternal & Child Health, Family Planning, HIV Testing & Treatment, TB Treatment, Immunisations, Minor Ailments",,,pending
Khayelitsha Site B CHC,Western Cape,City of Cape Town,Cape Town,Khayelitsha,021 360 5000,available,CHC,"Primary Healthcare, Chronic Medication, Maternal & Child Health, Family Planning, HIV Testing & Treatment, TB Treatment, Immunisations, Minor Ailments",,,pending
Dr Ivan Toms Clinic,Western Cape,City of Cape Town,Cape Town,Khayelitsha,,to_verify,Clinic,"Primary Healthcare, Chronic Medication, Maternal & Child Health, Family Planning, HIV Testing & Treatment, TB Treatment, Immunisations, Minor Ailments",,,pending
Ikhwezi Clinic,Western Cape,City of Cape Town,Cape Town,Khayelitsha,,to_verify,Clinic,"Primary Healthcare, Chronic Medication, Maternal & Child Health, Family Planning, HIV Testing & Treatment, TB Treatment, Immunisations, Minor Ailments",,,pending
Guguletu CHC,Western Cape,City of Cape Town,Cape Town,Guguletu,021 637 4400,available,CHC,"Primary Healthcare, Chronic Medication, Maternal & Child Health, Family Planning, HIV Testing & Treatment, TB Treatment, Immunisations, Minor Ailments",,,pending
Hanover Park CHC,Western Cape,City of Cape Town,Cape Town,Hanover Park,021 691 5700,available,CHC,"Primary Healthcare, Chronic Medication, Maternal & Child Health, Family Planning, HIV Testing & Treatment, TB Treatment, Immunisations, Minor Ailments",,,pending
Mitchells Plain CHC,Western Cape,City of Cape Town,Cape Town,Mitchells Plain,021 391 5000,available,CHC,"Primary Healthcare, Chronic Medication, Maternal & Child Health, Family Planning, HIV Testing & Treatment, TB Treatment, Immunisations, Minor Ailments",,,pending
Crossroads Clinic,Western Cape,City of Cape Town,Cape Town,Crossroads,,to_verify,Clinic,"Primary Healthcare, Chronic Medication, Maternal & Child Health, Family Planning, HIV Testing & Treatment, TB Treatment, Immunisations, Minor Ailments",,,pending
Eastridge Clinic,Western Cape,City of Cape Town,Cape Town,Mitchells Plain,,to_verify,Clinic,"Primary Healthcare, Chronic Medication, Maternal & Child Health, Family Planning, HIV Testing & Treatment, TB Treatment, Immunisations, Minor Ailments",,,pending
Heideveld Clinic,Western Cape,City of Cape Town,Cape Town,Heideveld,,to_verify,Clinic,"Primary Healthcare, Chronic Medication, Maternal & Child Health, Family Planning, HIV Testing & Treatment, TB Treatment, Immunisations, Minor Ailments",,,pending
Lansdowne Clinic,Western Cape,City of Cape Town,Cape Town,Lansdowne,,to_verify,Clinic,"Primary Healthcare, Chronic Medication, Maternal & Child Health, Family Planning, HIV Testing & Treatment, TB Treatment, Immunisations, Minor Ailments",,,pending
Lentegeur Clinic,Western Cape,City of Cape Town,Cape Town,Lentegeur,,to_verify,Clinic,"Primary Healthcare, Chronic Medication, Maternal & Child Health, Family Planning, HIV Testing & Treatment, TB Treatment, Immunisations, Minor Ailments",,,pending
Manenberg Clinic,Western Cape,City of Cape Town,Cape Town,Manenberg,,to_verify,Clinic,"Primary Healthcare, Chronic Medication, Maternal & Child Health, Family Planning, HIV Testing & Treatment, TB Treatment, Immunisations, Minor Ailments",,,pending
Albow Gardens CDC,Western Cape,City of Cape Town,Cape Town,Albow Gardens,,to_verify,CDC,"Primary Healthcare, Chronic Medication, Maternal & Child Health, Family Planning, HIV Testing & Treatment, TB Treatment, Immunisations, Minor Ailments",,,pending
Bellville South CDC,Western Cape,City of Cape Town,Cape Town,Bellville South,,to_verify,CDC,"Primary Healthcare, Chronic Medication, Maternal & Child Health, Family Planning, HIV Testing & Treatment, TB Treatment, Immunisations, Minor Ailments",,,pending
Kraaifontein Clinic,Western Cape,City of Cape Town,Cape Town,Kraaifontein,,to_verify,Clinic,"Primary Healthcare, Chronic Medication, Maternal & Child Health, Family Planning, HIV Testing & Treatment, TB Treatment, Immunisations, Minor Ailments",,,pending
Delft CHC,Western Cape,City of Cape Town,Cape Town,Delft,021 954 1000,available,CHC,"Primary Healthcare, Chronic Medication, Maternal & Child Health, Family Planning, HIV Testing & Treatment, TB Treatment, Immunisations, Minor Ailments",,,pending
Mfuleni Clinic,Western Cape,City of Cape Town,Cape Town,Mfuleni,,to_verify,Clinic,"Primary Healthcare, Chronic Medication, Maternal & Child Health, Family Planning, HIV Testing & Treatment, TB Treatment, Immunisations, Minor Ailments",,,pending
Khayelitsha Site C Clinic,Western Cape,City of Cape Town,Cape Town,Khayelitsha Site C,,to_verify,Clinic,"Primary Healthcare, Chronic Medication, Maternal & Child Health, Family Planning, HIV Testing & Treatment, TB Treatment, Immunisations, Minor Ailments",,,pending
Michael Mapongwana CDC,Western Cape,City of Cape Town,Cape Town,Khayelitsha,021 361 4000,available,CDC,"Primary Healthcare, Chronic Medication, Maternal & Child Health, Family Planning, HIV Testing & Treatment, TB Treatment, Immunisations, Minor Ailments",,,pending
Vanguard CDC,Western Cape,City of Cape Town,Cape Town,Bonteheuwel,021 694 4000,available,CDC,"Primary Healthcare, Chronic Medication, Maternal & Child Health, Family Planning, HIV Testing & Treatment, TB Treatment, Immunisations, Minor Ailments",,,pending
Nyanga Clinic,Western Cape,City of Cape Town,Cape Town,Nyanga,021 386 1000,available,Clinic,"Primary Healthcare, Chronic Medication, Maternal & Child Health, Family Planning, HIV Testing & Treatment, TB Treatment, Immunisations, Minor Ailments",,,pending
Philippi Clinic,Western Cape,City of Cape Town,Cape Town,Philippi,021 370 5000,available,Clinic,"Primary Healthcare, Chronic Medication, Maternal & Child Health, Family Planning, HIV Testing & Treatment, TB Treatment, Immunisations, Minor Ailments",,,pending
Stellenbosch Clinic,Western Cape,Cape Winelands,Stellenbosch,CBD,021 887 0100,available,Clinic,"Primary Healthcare, Chronic Medication, Maternal & Child Health, Family Planning, HIV Testing & Treatment, TB Treatment, Immunisations, Minor Ailments",,,pending
Kayamandi Clinic,Western Cape,Cape Winelands,Stellenbosch,Kayamandi,021 887 1000,available,Clinic,"Primary Healthcare, Chronic Medication, Maternal & Child Health, Family Planning, HIV Testing & Treatment, TB Treatment, Immunisations, Minor Ailments",,,pending
Paarl Clinic,Western Cape,Cape Winelands,Paarl,CBD,021 862 2000,available,Clinic,"Primary Healthcare, Chronic Medication, Maternal & Child Health, Family Planning, HIV Testing & Treatment, TB Treatment, Immunisations, Minor Ailments",,,pending
Mbekweni Clinic,Western Cape,Cape Winelands,Paarl,Mbekweni,021 862 3000,available,Clinic,"Primary Healthcare, Chronic Medication, Maternal & Child Health, Family Planning, HIV Testing & Treatment, TB Treatment, Immunisations, Minor Ailments",,,pending
Wellington Clinic,Western Cape,Cape Winelands,Wellington,CBD,021 864 1000,available,Clinic,"Primary Healthcare, Chronic Medication, Maternal & Child Health, Family Planning, HIV Testing & Treatment, TB Treatment, Immunisations, Minor Ailments",,,pending
Worcester Clinic,Western Cape,Cape Winelands,Worcester,CBD,023 348 2000,available,Clinic,"Primary Healthcare, Chronic Medication, Maternal & Child Health, Family Planning, HIV Testing & Treatment, TB Treatment, Immunisations, Minor Ailments",,,pending
Zweletemba Clinic,Western Cape,Cape Winelands,Worcester,Zweletemba,,to_verify,Clinic,"Primary Healthcare, Chronic Medication, Maternal & Child Health, Family Planning, HIV Testing & Treatment, TB Treatment, Immunisations, Minor Ailments",,,pending
Robertson Clinic,Western Cape,Cape Winelands,Robertson,CBD,023 626 1000,available,Clinic,"Primary Healthcare, Chronic Medication, Maternal & Child Health, Family Planning, HIV Testing & Treatment, TB Treatment, Immunisations, Minor Ailments",,,pending
Montagu Clinic,Western Cape,Cape Winelands,Montagu,Montagu,023 614 1000,available,Clinic,"Primary Healthcare, Chronic Medication, Maternal & Child Health, Family Planning, HIV Testing & Treatment, TB Treatment, Immunisations, Minor Ailments",,,pending
Ceres Clinic,Western Cape,Cape Winelands,Ceres,CBD,023 312 2000,available,Clinic,"Primary Healthcare, Chronic Medication, Maternal & Child Health, Family Planning, HIV Testing & Treatment, TB Treatment, Immunisations, Minor Ailments",,,pending
Tulbagh Clinic,Western Cape,Cape Winelands,Tulbagh,Tulbagh,,to_verify,Clinic,"Primary Healthcare, Chronic Medication, Maternal & Child Health, Family Planning, HIV Testing & Treatment, TB Treatment, Immunisations, Minor Ailments",,,pending
George Clinic,Western Cape,Garden Route,George,CBD,044 802 2000,available,Clinic,"Primary Healthcare, Chronic Medication, Maternal & Child Health, Family Planning, HIV Testing & Treatment, TB Treatment, Immunisations, Minor Ailments",,,pending
Pacaltsdorp Clinic,Western Cape,Garden Route,George,Pacaltsdorp,,to_verify,Clinic,"Primary Healthcare, Chronic Medication, Maternal & Child Health, Family Planning, HIV Testing & Treatment, TB Treatment, Immunisations, Minor Ailments",,,pending
Thembalethu Clinic,Western Cape,Garden Route,George,Thembalethu,044 802 3000,available,Clinic,"Primary Healthcare, Chronic Medication, Maternal & Child Health, Family Planning, HIV Testing & Treatment, TB Treatment, Immunisations, Minor Ailments",,,pending
Knysna Clinic,Western Cape,Garden Route,Knysna,CBD,044 382 1000,available,Clinic,"Primary Healthcare, Chronic Medication, Maternal & Child Health, Family Planning, HIV Testing & Treatment, TB Treatment, Immunisations, Minor Ailments",,,pending
Knysna CHC,Western Cape,Garden Route,Knysna,Knysna,044 382 2000,available,CHC,"Primary Healthcare, Chronic Medication, Maternal & Child Health, Family Planning, HIV Testing & Treatment, TB Treatment, Immunisations, Minor Ailments",,,pending
Plettenberg Bay Clinic,Western Cape,Garden Route,Plettenberg Bay,CBD,044 501 1000,available,Clinic,"Primary Healthcare, Chronic Medication, Maternal & Child Health, Family Planning, HIV Testing & Treatment, TB Treatment, Immunisations, Minor Ailments",,,pending
Mossel Bay Clinic,Western Cape,Garden Route,Mossel Bay,CBD,044 691 2000,available,Clinic,"Primary Healthcare, Chronic Medication, Maternal & Child Health, Family Planning, HIV Testing & Treatment, TB Treatment, Immunisations, Minor Ailments",,,pending
KwaNonqaba Clinic,Western Cape,Garden Route,Mossel Bay,KwaNonqaba,044 691 3000,available,Clinic,"Primary Healthcare, Chronic Medication, Maternal & Child Health, Family Planning, HIV Testing & Treatment, TB Treatment, Immunisations, Minor Ailments",,,pending
Riversdale Clinic,Western Cape,Garden Route,Riversdale,CBD,,to_verify,Clinic,"Primary Healthcare, Chronic Medication, Maternal & Child Health, Family Planning, HIV Testing & Treatment, TB Treatment, Immunisations, Minor Ailments",,,pending
Swellendam Clinic,Western Cape,Overberg,Swellendam,CBD,028 514 1000,available,Clinic,"Primary Healthcare, Chronic Medication, Maternal & Child Health, Family Planning, HIV Testing & Treatment, TB Treatment, Immunisations, Minor Ailments",,,pending
Hermanus Clinic,Western Cape,Overberg,Hermanus,CBD,028 313 2000,available,Clinic,"Primary Healthcare, Chronic Medication, Maternal & Child Health, Family Planning, HIV Testing & Treatment, TB Treatment, Immunisations, Minor Ailments",,,pending
Zwelihle Clinic,Western Cape,Overberg,Hermanus,Zwelihle,,to_verify,Clinic,"Primary Healthcare, Chronic Medication, Maternal & Child Health, Family Planning, HIV Testing & Treatment, TB Treatment, Immunisations, Minor Ailments",,,pending
Caledon Clinic,Western Cape,Overberg,Caledon,CBD,028 212 1000,available,Clinic,"Primary Healthcare, Chronic Medication, Maternal & Child Health, Family Planning, HIV Testing & Treatment, TB Treatment, Immunisations, Minor Ailments",,,pending
Bredasdorp Clinic,Western Cape,Overberg,Bredasdorp,CBD,028 424 1000,available,Clinic,"Primary Healthcare, Chronic Medication, Maternal & Child Health, Family Planning, HIV Testing & Treatment, TB Treatment, Immunisations, Minor Ailments",,,pending
Grabouw Clinic,Western Cape,Overberg,Grabouw,CBD,021 859 1000,available,Clinic,"Primary Healthcare, Chronic Medication, Maternal & Child Health, Family Planning, HIV Testing & Treatment, TB Treatment, Immunisations, Minor Ailments",,,pending
Vredenburg Clinic,Western Cape,West Coast,Vredenburg,CBD,022 713 1000,available,Clinic,"Primary Healthcare, Chronic Medication, Maternal & Child Health, Family Planning, HIV Testing & Treatment, TB Treatment, Immunisations, Minor Ailments",,,pending
Saldanha Clinic,Western Cape,West Coast,Saldanha,CBD,022 714 1000,available,Clinic,"Primary Healthcare, Chronic Medication, Maternal & Child Health, Family Planning, HIV Testing & Treatment, TB Treatment, Immunisations, Minor Ailments",,,pending
Vredendal Clinic,Western Cape,West Coast,Vredendal,CBD,027 213 1000,available,Clinic,"Primary Healthcare, Chronic Medication, Maternal & Child Health, Family Planning, HIV Testing & Treatment, TB Treatment, Immunisations, Minor Ailments",,,pending
Clanwilliam Clinic,Western Cape,West Coast,Clanwilliam,CBD,027 482 1000,available,Clinic,"Primary Healthcare, Chronic Medication, Maternal & Child Health, Family Planning, HIV Testing & Treatment, TB Treatment, Immunisations, Minor Ailments",,,pending
Citrusdal Clinic,Western Cape,West Coast,Citrusdal,Citrusdal,022 921 1000,available,Clinic,"Primary Healthcare, Chronic Medication, Maternal & Child Health, Family Planning, HIV Testing & Treatment, TB Treatment, Immunisations, Minor Ailments",,,pending
Lamberts Bay Clinic,Western Cape,West Coast,Lamberts Bay,Lamberts Bay,027 432 1000,available,Clinic,"Primary Healthcare, Chronic Medication, Maternal & Child Health, Family Planning, HIV Testing & Treatment, TB Treatment, Immunisations, Minor Ailments",,,pending
Beaufort West Clinic,Western Cape,Central Karoo,Beaufort West,CBD,023 414 2000,available,Clinic,"Primary Healthcare, Chronic Medication, Maternal & Child Health, Family Planning, HIV Testing & Treatment, TB Treatment, Immunisations, Minor Ailments",,,pending
